"name","OU"
"015418","CN=Computers"
"101132-HE-VF","CN=Computers"
"103985-HE-MI","CN=Computers"
"106107-HE-NWP","CN=Computers"
"ACQISOCT1","CN=Computers"
"ACQISOCT2","CN=Computers"
"ACQUISITION_DE1","CN=Computers"
"ACQUISITIONSLG","CN=Computers"
"APPLICATIONS2","OU=Servers"
"ASHLEY7","CN=Computers"
"CASIA2","CN=Computers"
"CASIA2-CLINIC4","CN=Computers"
"CONTRONICSINFO","CN=Computers"
"DEMDXLEARN","OU=Servers"
"DEMDXTRIAGE","OU=Servers"
"DM-MEH","OU=Servers"
"EALOCT200050G","CN=Computers"
"EDD_ESPION_R6","CN=Computers"
"EDD_R2_E3","CN=Computers"
"EDD_R222_E3","CN=Computers"
"EDD_R4_E3_TEMP","CN=Computers"
"EDD_R406_E3","CN=Computers"
"EDD_R5_E3","CN=Computers"
"EDD_R6_ROLAND","CN=Computers"
"EDD_SERVER2","OU=Servers"
"ESPIO_3_TEMP","CN=Computers"
"ESTATES22","CN=Computers"
"harj3","CN=Computers"
"HE_DV","CN=Computers"
"HE_RDROOM14","CN=Computers"
"HE_SG","CN=Computers"
"HE-CRLG-13-3","CN=Computers"
"HE-MACTEL-PC","CN=Computers"
"HE-OCT-CRFROOM2","CN=Computers"
"HE-R2-OCT2","CN=Computers"
"HE-RDCEC4-05","CN=Computers"
"HE-RDCEC-R4-05","CN=Computers"
"HEROOM134-HP","CN=Computers"
"HE-RTC2","CN=Computers"
"HRA-OCT-104189","CN=Computers"
"HRT2-GRU-CRF","CN=Computers"
"HRT-CLINIC4","CN=Computers"
"INSTALLSVR","OU=Servers"
"INTRANET3","OU=Servers"
"ITWIN10","OU=Test Desktop"
"KONAN_RDROOM20","CN=Computers"
"LD_NBK12684","OU=Laptops"
"LD_NBK12685","OU=Laptops"
"LD_NBK12775","OU=Laptops"
"LD_NBK12777","OU=Laptops"
"LD_NBK12796","OU=Laptops"
"LD_NBK12884","OU=Laptops"
"LD_NBK13860","OU=Laptops"
"LOANTRITONCU","CN=Computers"
"M0014633","CN=Computers"
"M010323","CN=Computers"
"M010324","CN=Computers"
"M010577","CN=Computers"
"M010735","CN=Computers"
"M010736","CN=Computers"
"M011017","CN=Computers"
"M011156","CN=Computers"
"M01147","CN=Computers"
"M0114786","CN=Computers"
"M011579","CN=Computers"
"M011597","CN=Computers"
"M011598","OU=Big Hand"
"M011601","CN=Computers"
"M011603","CN=Computers"
"M011604","CN=Computers"
"M011605","CN=Computers"
"M011607","CN=Computers"
"M011609","CN=Computers"
"M011611","CN=Computers"
"M011612","CN=Computers"
"M011615","CN=Computers"
"M011617","CN=Computers"
"M011618","CN=Computers"
"M011620","CN=Computers"
"M011621","CN=Computers"
"M011625","CN=Computers"
"M011626","CN=Computers"
"M011627","CN=Computers"
"M011628","CN=Computers"
"M011629","CN=Computers"
"M011630","CN=Computers"
"M011631","CN=Computers"
"M011634","CN=Computers"
"M011640","CN=Computers"
"M0116681","CN=Computers"
"M011671","CN=Computers"
"M011674","CN=Computers"
"M011675","CN=Computers"
"M011743","CN=Computers"
"M011768","CN=Computers"
"M011941","CN=Computers"
"M011944","CN=Computers"
"m011946","CN=Computers"
"M011947","CN=Computers"
"M011950","CN=Computers"
"M011952","CN=Computers"
"M011953","CN=Computers"
"M011954","CN=Computers"
"M011968","CN=Computers"
"M011969","CN=Computers"
"M011973","CN=Computers"
"M011974","CN=Computers"
"M011975","CN=Computers"
"M011976","CN=Computers"
"M011977","CN=Computers"
"M011980","CN=Computers"
"M011986","CN=Computers"
"M011988","CN=Computers"
"M011989","CN=Computers"
"M012284","CN=Computers"
"M012286","CN=Computers"
"M012287","CN=Computers"
"M012288","CN=Computers"
"M012289","CN=Computers"
"M012290","CN=Computers"
"M012292","CN=Computers"
"M012336","CN=Computers"
"M012337","CN=Computers"
"M012339","CN=Computers"
"M012340","CN=Computers"
"M012341","CN=Computers"
"M012342","CN=Computers"
"M012343","CN=Computers"
"M012344","CN=Computers"
"M012401","CN=Computers"
"M012403","CN=Computers"
"M012404","CN=Computers"
"M012405","CN=Computers"
"M012406","CN=Computers"
"M012715","CN=Computers"
"M012716","CN=Computers"
"M012718","CN=Computers"
"M012720","CN=Computers"
"M012724","CN=Computers"
"M012726","CN=Computers"
"M012728","CN=Computers"
"M012732","CN=Computers"
"M012733","CN=Computers"
"M012735","CN=Computers"
"M012736","CN=Computers"
"M012737","CN=Computers"
"M012792","CN=Computers"
"M012793","CN=Computers"
"M012794","CN=Computers"
"M012795","CN=Computers"
"M012807","CN=Computers"
"M012817","CN=Computers"
"M012818","CN=Computers"
"M012896","CN=Computers"
"M012919","CN=Computers"
"M013003","CN=Computers"
"M013027","CN=Computers"
"M013030","CN=Computers"
"M013031","CN=Computers"
"M013032","CN=Computers"
"M013038","CN=Computers"
"M013068","CN=Computers"
"M013081","CN=Computers"
"M013082","CN=Computers"
"M013086","CN=Computers"
"M013088","CN=Computers"
"M013096","CN=Computers"
"M013098","CN=Computers"
"M013099","CN=Computers"
"M013100","CN=Computers"
"M013101","CN=Computers"
"M013102","CN=Computers"
"M013104","CN=Computers"
"M013105","CN=Computers"
"M013106","CN=Computers"
"M013109","CN=Computers"
"M013111","CN=Computers"
"M013129","CN=Computers"
"M013132","CN=Computers"
"M013134","CN=Computers"
"M013136","CN=Computers"
"M013138","CN=Computers"
"M013139","CN=Computers"
"M013140","CN=Computers"
"M013144","CN=Computers"
"M013146","CN=Computers"
"M013151","CN=Computers"
"M013152","CN=Computers"
"M013155","CN=Computers"
"M013158","CN=Computers"
"M013160","CN=Computers"
"M013162","CN=Computers"
"M013163","CN=Computers"
"M013164","CN=Computers"
"M013167","CN=Computers"
"M013194","CN=Computers"
"M013195","CN=Computers"
"M013196","CN=Computers"
"M013197","CN=Computers"
"M013199","CN=Computers"
"M013200","CN=Computers"
"M013352","CN=Computers"
"M013364","CN=Computers"
"M013365","CN=Computers"
"m013368","OU=Big Hand"
"M013390","CN=Computers"
"M013391","CN=Computers"
"M013392","CN=Computers"
"M013396","CN=Computers"
"M013398A","CN=Computers"
"M013399","CN=Computers"
"M013400","CN=Computers"
"M013402","CN=Computers"
"M013404","CN=Computers"
"M013405","CN=Computers"
"M013419","CN=Computers"
"M013421","CN=Computers"
"M013422","CN=Computers"
"M013428","CN=Computers"
"M013430","CN=Computers"
"M013432","CN=Computers"
"M013433","CN=Computers"
"M013437","CN=Computers"
"M013442","CN=Computers"
"M013447","CN=Computers"
"M013485","CN=Computers"
"M013524","CN=Computers"
"M013561","CN=Computers"
"M013563","CN=Computers"
"M013565","CN=Computers"
"M013567","CN=Computers"
"M013569","CN=Computers"
"M013571","CN=Computers"
"M013589","CN=Computers"
"M013615","CN=Computers"
"M013684","CN=Computers"
"M013695","CN=Computers"
"M013697","CN=Computers"
"M013737","CN=Computers"
"M013751","CN=Computers"
"m013753","CN=Computers"
"M013755","CN=Computers"
"M013756","CN=Computers"
"M013758","CN=Computers"
"M013760","CN=Computers"
"M013761","CN=Computers"
"M013764","CN=Computers"
"M013767","CN=Computers"
"M013847","CN=Computers"
"M013848","CN=Computers"
"M013857","CN=Computers"
"M013883","CN=Computers"
"M013884","CN=Computers"
"M013885","CN=Computers"
"M013886","CN=Computers"
"M013887","CN=Computers"
"M013892","CN=Computers"
"M013893","CN=Computers"
"M013894","CN=Computers"
"M013897","CN=Computers"
"M013900","CN=Computers"
"M013901","CN=Computers"
"M013902","CN=Computers"
"M013903","CN=Computers"
"M013904","CN=Computers"
"M013905","CN=Computers"
"M013906","CN=Computers"
"M013909","CN=Computers"
"M013910","CN=Computers"
"M013912","CN=Computers"
"M013939","CN=Computers"
"M013941","CN=Computers"
"M013948","CN=Computers"
"M013950","CN=Computers"
"M013951","CN=Computers"
"M013952","CN=Computers"
"M013954","CN=Computers"
"M013981","CN=Computers"
"M013982","CN=Computers"
"M013983","CN=Computers"
"M014017","CN=Computers"
"M014018","CN=Computers"
"M014024","CN=Computers"
"M014025","CN=Computers"
"M014485","CN=Computers"
"M014487","CN=Computers"
"M014490","CN=Computers"
"M014491","CN=Computers"
"M014493","CN=Computers"
"M014494","CN=Computers"
"M014495","CN=Computers"
"M014496","CN=Computers"
"M014497","CN=Computers"
"M014498","CN=Computers"
"M014499","CN=Computers"
"M014500","CN=Computers"
"M014501","CN=Computers"
"M014502","CN=Computers"
"m014503","CN=Computers"
"M014504","CN=Computers"
"m014505","CN=Computers"
"M014507","CN=Computers"
"M014508","CN=Computers"
"M014509","CN=Computers"
"M014514","CN=Computers"
"M014544","CN=Computers"
"M014545","CN=Computers"
"M014547","CN=Computers"
"M014548","CN=Computers"
"M014549","CN=Computers"
"M014551","CN=Computers"
"M014553","CN=Computers"
"M014554","CN=Computers"
"M014555","CN=Computers"
"M014556","CN=Computers"
"M014557","CN=Computers"
"M014558","CN=Computers"
"M014559","CN=Computers"
"M014560","CN=Computers"
"M014561","CN=Computers"
"M014562","CN=Computers"
"M014563","CN=Computers"
"M014565","CN=Computers"
"M014566","CN=Computers"
"m014567","CN=Computers"
"M014570","CN=Computers"
"M014571","CN=Computers"
"M014573","CN=Computers"
"M014575","CN=Computers"
"M014576","CN=Computers"
"M014577","CN=Computers"
"M014578","CN=Computers"
"M014580","CN=Computers"
"M014581","CN=Computers"
"M014582","CN=Computers"
"M014583","CN=Computers"
"M014584","CN=Computers"
"M014585","CN=Computers"
"M014586","CN=Computers"
"M014587","CN=Computers"
"M014591","CN=Computers"
"M014592","CN=Computers"
"M014593","CN=Computers"
"M014594","CN=Computers"
"M014595","CN=Computers"
"M014597","CN=Computers"
"M014598","CN=Computers"
"M014599","CN=Computers"
"M014600","CN=Computers"
"M014601","CN=Computers"
"M014602","CN=Computers"
"M014603","CN=Computers"
"M014605","CN=Computers"
"M014606","CN=Computers"
"M014607","CN=Computers"
"M014608","CN=Computers"
"M014609","CN=Computers"
"M014611","CN=Computers"
"m014612","CN=Computers"
"M014613","CN=Computers"
"M014615","CN=Computers"
"M014616","CN=Computers"
"M014617","CN=Computers"
"M014619","CN=Computers"
"M014620","CN=Computers"
"M014621","CN=Computers"
"M014622","CN=Computers"
"M014623","CN=Computers"
"M014624","CN=Computers"
"M014625","CN=Computers"
"M014626","CN=Computers"
"M014628","CN=Computers"
"M014630","CN=Computers"
"M014632","CN=Computers"
"M014634","CN=Computers"
"M014635","CN=Computers"
"M014636","CN=Computers"
"M014637","CN=Computers"
"M014638","CN=Computers"
"M014639","CN=Computers"
"M014640","CN=Computers"
"M014641","CN=Computers"
"M014642","CN=Computers"
"M014647","CN=Computers"
"M014649","CN=Computers"
"M014650","CN=Computers"
"M014651","CN=Computers"
"M014652","CN=Computers"
"M014654","CN=Computers"
"M014655","CN=Computers"
"M014656","CN=Computers"
"M014657","CN=Computers"
"M014658","CN=Computers"
"M014661","CN=Computers"
"M014662","CN=Computers"
"M014663","CN=Computers"
"M014665","CN=Computers"
"M014666","CN=Computers"
"M014667","CN=Computers"
"M014668","CN=Computers"
"M014669","CN=Computers"
"M014670","CN=Computers"
"M014672","CN=Computers"
"M014673","CN=Computers"
"M014674","CN=Computers"
"M014676","CN=Computers"
"M014678","CN=Computers"
"m014679","CN=Computers"
"M014680","CN=Computers"
"M014681","CN=Computers"
"M014682","CN=Computers"
"M014683","CN=Computers"
"M014685","CN=Computers"
"M014687","CN=Computers"
"M014688","CN=Computers"
"M014689","CN=Computers"
"M014690","CN=Computers"
"M014692","CN=Computers"
"M014694","CN=Computers"
"M014696","CN=Computers"
"M014697","CN=Computers"
"M014699","CN=Computers"
"M014700","CN=Computers"
"M014701","CN=Computers"
"M014702","CN=Computers"
"m014703","CN=Computers"
"M014704","CN=Computers"
"M014705","CN=Computers"
"M014706","CN=Computers"
"M014709","CN=Computers"
"M014710","CN=Computers"
"M014711","CN=Computers"
"M014712","CN=Computers"
"M014713","CN=Computers"
"M014714","CN=Computers"
"M014715","CN=Computers"
"M014716","CN=Computers"
"M014717","CN=Computers"
"M014718","CN=Computers"
"M014719","CN=Computers"
"M014721","CN=Computers"
"M014722","CN=Computers"
"M014723","CN=Computers"
"M014724","CN=Computers"
"M014725","CN=Computers"
"M014726","CN=Computers"
"M014727","CN=Computers"
"M014728","CN=Computers"
"M014729","CN=Computers"
"M014731","OU=Laptops"
"M014732","CN=Computers"
"M014733","CN=Computers"
"M014735","CN=Computers"
"M014736","CN=Computers"
"M014737","CN=Computers"
"M014738","CN=Computers"
"M014739","CN=Computers"
"M014740","CN=Computers"
"M014741","CN=Computers"
"M014742","CN=Computers"
"M014743","CN=Computers"
"M014744","CN=Computers"
"M014745","CN=Computers"
"M014746","CN=Computers"
"M014747","CN=Computers"
"M014748","CN=Computers"
"M014749","CN=Computers"
"M014751","CN=Computers"
"M014752","CN=Computers"
"M014753","CN=Computers"
"M014754","CN=Computers"
"M014756","CN=Computers"
"M014757","CN=Computers"
"M014758","CN=Computers"
"M014759","CN=Computers"
"M014761","CN=Computers"
"M014762","CN=Computers"
"M014764","CN=Computers"
"M014765","CN=Computers"
"M014766","CN=Computers"
"M014767","CN=Computers"
"M014768","CN=Computers"
"M014770","CN=Computers"
"M014771","CN=Computers"
"M014772","CN=Computers"
"M014773","CN=Computers"
"M014774","CN=Computers"
"M014775","CN=Computers"
"M014776","CN=Computers"
"M014778","CN=Computers"
"M014779","CN=Computers"
"M014780","CN=Computers"
"M014781","CN=Computers"
"M014783","CN=Computers"
"M014784","CN=Computers"
"M014785","CN=Computers"
"M014787","CN=Computers"
"M014788","CN=Computers"
"M014789","CN=Computers"
"M014790","CN=Computers"
"M014791","CN=Computers"
"M014792","CN=Computers"
"M014793","CN=Computers"
"M014795","CN=Computers"
"m014796","CN=Computers"
"M014797","CN=Computers"
"M014798","CN=Computers"
"M014809","CN=Computers"
"M014811","CN=Computers"
"M014827","CN=Computers"
"M014828","CN=Computers"
"M014830","CN=Computers"
"M014831","CN=Computers"
"M014832","CN=Computers"
"M014833","CN=Computers"
"M014834","CN=Computers"
"M014837","CN=Computers"
"M014839","CN=Computers"
"M014842","CN=Computers"
"M014844","CN=Computers"
"M014872","CN=Computers"
"M014874","CN=Computers"
"M014883","CN=Computers"
"M014885","CN=Computers"
"M014917","CN=Computers"
"M014918","CN=Computers"
"M014959","CN=Computers"
"M014960","CN=Computers"
"M014961","CN=Computers"
"M014962","CN=Computers"
"M014968","CN=Computers"
"M014981","CN=Computers"
"M014982","CN=Computers"
"M014983","CN=Computers"
"M014984","CN=Computers"
"M014991","CN=Computers"
"M015082","CN=Computers"
"M015083","CN=Computers"
"M015094","CN=Computers"
"M015095","CN=Computers"
"M015096","CN=Computers"
"M015111","CN=Computers"
"M015130","OU=Test Desktop"
"M015131","CN=Computers"
"M015132","CN=Computers"
"M015133","CN=Computers"
"M015134","CN=Computers"
"M015135","CN=Computers"
"M015137","CN=Computers"
"M015138","CN=Computers"
"M015139","CN=Computers"
"M015141","CN=Computers"
"M015142","CN=Computers"
"M015144","CN=Computers"
"M015146","CN=Computers"
"M015148","CN=Computers"
"M015149","CN=Computers"
"M015150","CN=Computers"
"M015151","CN=Computers"
"M015153","CN=Computers"
"M015154","CN=Computers"
"M015155","CN=Computers"
"M015156","CN=Computers"
"M015157","CN=Computers"
"M015158","CN=Computers"
"M015159","CN=Computers"
"M015160","CN=Computers"
"M015161","CN=Computers"
"M015162","CN=Computers"
"M015163","CN=Computers"
"M015164","CN=Computers"
"M015165","CN=Computers"
"M015166","CN=Computers"
"M015167","CN=Computers"
"m015168","CN=Computers"
"M015178","CN=Computers"
"M015270","CN=Computers"
"M015271","CN=Computers"
"M015272","CN=Computers"
"M015273","CN=Computers"
"m015274","CN=Computers"
"M015275","CN=Computers"
"M015276","CN=Computers"
"M015277","CN=Computers"
"M015278","CN=Computers"
"M015281","CN=Computers"
"M015301","CN=Computers"
"M015304","CN=Computers"
"M015305","CN=Computers"
"M015308","CN=Computers"
"M015309","CN=Computers"
"M015310","CN=Computers"
"M015311","CN=Computers"
"M015312","CN=Computers"
"M015314","CN=Computers"
"m015321","CN=Computers"
"M015322","CN=Computers"
"M015331","CN=Computers"
"M015332","CN=Computers"
"M015333","CN=Computers"
"M015334","CN=Computers"
"M015335","CN=Computers"
"M015336","CN=Computers"
"M015337","CN=Computers"
"M015339","CN=Computers"
"M015341","CN=Computers"
"M015342","CN=Computers"
"M015345","CN=Computers"
"M015346","CN=Computers"
"M015348","CN=Computers"
"M015349","CN=Computers"
"M015351","CN=Computers"
"M015352","CN=Computers"
"M015353","CN=Computers"
"M015354","CN=Computers"
"M015355","CN=Computers"
"M015356","CN=Computers"
"M015357","CN=Computers"
"M015358","CN=Computers"
"M015359","CN=Computers"
"M015360","CN=Computers"
"M015362","CN=Computers"
"M015363","CN=Computers"
"M015365","CN=Computers"
"M015367","CN=Computers"
"M015368","CN=Computers"
"M015369","CN=Computers"
"M015370","CN=Computers"
"M015371","CN=Computers"
"M015372","CN=Computers"
"M015373","CN=Computers"
"M015374","CN=Computers"
"M015375","CN=Computers"
"M015377","CN=Computers"
"M015378","CN=Computers"
"M015379","CN=Computers"
"M015380","CN=Computers"
"M015381","CN=Computers"
"M015383","CN=Computers"
"M015385","CN=Computers"
"m015390","CN=Computers"
"M015391","CN=Computers"
"M015392","CN=Computers"
"m015393","CN=Computers"
"M015394","CN=Computers"
"M015395","CN=Computers"
"M015397","CN=Computers"
"M015398","CN=Computers"
"M015400","CN=Computers"
"M015401","CN=Computers"
"m015402","CN=Computers"
"M015403","CN=Computers"
"M015404","CN=Computers"
"M015405","CN=Computers"
"M015406","CN=Computers"
"m015409","CN=Computers"
"M015410","CN=Computers"
"M015411","CN=Computers"
"M015413","CN=Computers"
"M015414","CN=Computers"
"M015415","CN=Computers"
"M015416","CN=Computers"
"M015417","CN=Computers"
"M015419","CN=Computers"
"M015421","CN=Computers"
"m015422","CN=Computers"
"M015423","CN=Computers"
"M015424","CN=Computers"
"M015425","CN=Computers"
"M015426","CN=Computers"
"M015427","CN=Computers"
"M015428","CN=Computers"
"M015429","CN=Computers"
"M015431","CN=Computers"
"M015432","CN=Computers"
"M015433","CN=Computers"
"M015434","CN=Computers"
"M015435","CN=Computers"
"M015437","CN=Computers"
"M015438","CN=Computers"
"M015440","CN=Computers"
"M015442","CN=Computers"
"M015443","CN=Computers"
"M015444","CN=Computers"
"M015445","CN=Computers"
"M015446","CN=Computers"
"M015447","CN=Computers"
"M015448","CN=Computers"
"M015449","CN=Computers"
"M015452","CN=Computers"
"M015453","CN=Computers"
"M015455","CN=Computers"
"M015457","CN=Computers"
"M015458","CN=Computers"
"M015459","CN=Computers"
"M015461","CN=Computers"
"M015462","CN=Computers"
"M015464","CN=Computers"
"M015465","CN=Computers"
"M015467","CN=Computers"
"M015468","CN=Computers"
"M015469","CN=Computers"
"M015470","CN=Computers"
"M015471","CN=Computers"
"M015472","CN=Computers"
"M015473","CN=Computers"
"M015476","CN=Computers"
"m015477","CN=Computers"
"M015478","CN=Computers"
"M015479","CN=Computers"
"M015480","CN=Computers"
"M015481","CN=Computers"
"M015482","CN=Computers"
"M015483","CN=Computers"
"M015484","CN=Computers"
"M015485","CN=Computers"
"M015486","CN=Computers"
"M015487","CN=Computers"
"M015489","CN=Computers"
"M015490","CN=Computers"
"M015491","CN=Computers"
"M015492","CN=Computers"
"M015493","CN=Computers"
"M015494","CN=Computers"
"M015496","CN=Computers"
"M015498","CN=Computers"
"M015499","CN=Computers"
"M015500","CN=Computers"
"M015502","CN=Computers"
"M015503","CN=Computers"
"M015505","CN=Computers"
"M015506","CN=Computers"
"M015507","CN=Computers"
"M015508","CN=Computers"
"M015509","CN=Computers"
"M015510","CN=Computers"
"M015511","CN=Computers"
"M015512","CN=Computers"
"M015513","CN=Computers"
"M015514","CN=Computers"
"M015516","CN=Computers"
"M015517","CN=Computers"
"M015518","CN=Computers"
"M015519","CN=Computers"
"M015520","CN=Computers"
"M015521","CN=Computers"
"M015522","CN=Computers"
"M015523","CN=Computers"
"M015525","CN=Computers"
"M015526","CN=Computers"
"M015528","CN=Computers"
"M015529","CN=Computers"
"M015530","CN=Computers"
"M015531","CN=Computers"
"M015532","CN=Computers"
"M015533","CN=Computers"
"M015534A","CN=Computers"
"M015535","CN=Computers"
"M015536","CN=Computers"
"M015537","CN=Computers"
"M015538","CN=Computers"
"M015539","CN=Computers"
"M015540","CN=Computers"
"M015541","CN=Computers"
"M015542","CN=Computers"
"M015543","CN=Computers"
"M015544","CN=Computers"
"M015545","CN=Computers"
"M015546","CN=Computers"
"M015547","CN=Computers"
"M015548","CN=Computers"
"M015549","CN=Computers"
"M015550","CN=Computers"
"M015551","CN=Computers"
"M015553","CN=Computers"
"M015554","CN=Computers"
"M015555","CN=Computers"
"M015556","CN=Computers"
"M015557","CN=Computers"
"M015559","CN=Computers"
"M015561","CN=Computers"
"M015562","CN=Computers"
"m015563","CN=Computers"
"M015564","CN=Computers"
"m015565","CN=Computers"
"M015566","CN=Computers"
"M015567","CN=Computers"
"M015568","CN=Computers"
"M015569","CN=Computers"
"M015570","CN=Computers"
"M015571","CN=Computers"
"M015572","CN=Computers"
"M015574","CN=Computers"
"M015575","CN=Computers"
"M015577","CN=Computers"
"M015578","CN=Computers"
"M015581","CN=Computers"
"M015582","CN=Computers"
"M015762","CN=Computers"
"M015767","CN=Computers"
"M015768","CN=Computers"
"M015831","CN=Computers"
"M015832","CN=Computers"
"M015833","CN=Computers"
"M015963","CN=Computers"
"M015964","CN=Computers"
"M015965","CN=Computers"
"M015967","CN=Computers"
"M015968","CN=Computers"
"M015971","CN=Computers"
"M015972","CN=Computers"
"M015973","CN=Computers"
"M015974","CN=Computers"
"M015975","CN=Computers"
"M016061","CN=Computers"
"M016160","CN=Computers"
"M016161","CN=Computers"
"M016163","CN=Computers"
"M016164","CN=Computers"
"M016166","CN=Computers"
"M016180","CN=Computers"
"M016191","CN=Computers"
"M016195","CN=Computers"
"M016196","CN=Computers"
"M016237","CN=Computers"
"M016240","CN=Computers"
"M016443","CN=Computers"
"M016444","CN=Computers"
"M016547","CN=Computers"
"M016549","CN=Computers"
"M016567","CN=Computers"
"M016616","CN=Computers"
"M016621","CN=Computers"
"M016623","CN=Computers"
"M016624","CN=Computers"
"M016625","CN=Computers"
"M016626","CN=Computers"
"M016627","CN=Computers"
"M016628","CN=Computers"
"M016630","CN=Computers"
"M016631","CN=Computers"
"M016633","CN=Computers"
"M016634","CN=Computers"
"M016635","CN=Computers"
"M016636","CN=Computers"
"M016637","CN=Computers"
"M016638","CN=Computers"
"M016639","CN=Computers"
"M016640","CN=Computers"
"M016642","CN=Computers"
"M016643","CN=Computers"
"M016645","CN=Computers"
"M016646","CN=Computers"
"M016647","CN=Computers"
"M016648","CN=Computers"
"M016649","CN=Computers"
"M016650","CN=Computers"
"M016651","CN=Computers"
"M016652","CN=Computers"
"M016653","CN=Computers"
"M016657","CN=Computers"
"M016658","CN=Computers"
"M016659","CN=Computers"
"M016660","CN=Computers"
"M016662","CN=Computers"
"M016664","CN=Computers"
"M016665","CN=Computers"
"M016666","CN=Computers"
"M016667","CN=Computers"
"M016669","CN=Computers"
"M016670","CN=Computers"
"M016671","CN=Computers"
"M016672","CN=Computers"
"M016673","CN=Computers"
"M016674","CN=Computers"
"M016676","CN=Computers"
"M016677","CN=Computers"
"M016678","CN=Computers"
"M016679","CN=Computers"
"M016682","CN=Computers"
"M016684","CN=Computers"
"M016685","CN=Computers"
"M016689","CN=Computers"
"M016690","CN=Computers"
"M016691","CN=Computers"
"M016692","CN=Computers"
"M016694","CN=Computers"
"M016695","CN=Computers"
"M016696","CN=Computers"
"M016697","CN=Computers"
"M016698","CN=Computers"
"M016699","CN=Computers"
"M016700","CN=Computers"
"M016701","CN=Computers"
"M016702","CN=Computers"
"M016704","CN=Computers"
"M016705","CN=Computers"
"M016706","CN=Computers"
"M016707","CN=Computers"
"M016709","CN=Computers"
"M016710","CN=Computers"
"M016711","CN=Computers"
"M016713","CN=Computers"
"M016715","CN=Computers"
"M016716","CN=Computers"
"M016717","CN=Computers"
"M016718","CN=Computers"
"M016719","CN=Computers"
"M016720","CN=Computers"
"M016721","CN=Computers"
"M016722","CN=Computers"
"M016723","CN=Computers"
"M016724","CN=Computers"
"M016725","CN=Computers"
"M016728","CN=Computers"
"M016748","CN=Computers"
"M016749","CN=Computers"
"M016799","CN=Computers"
"M016800","CN=Computers"
"M016814","CN=Computers"
"M016815","CN=Computers"
"M016816","CN=Computers"
"M016817","CN=Computers"
"M016924","CN=Computers"
"M016925","CN=Computers"
"M016932","CN=Computers"
"M016933","CN=Computers"
"M016967","CN=Computers"
"M016968","CN=Computers"
"M016989","CN=Computers"
"M017016","CN=Computers"
"M017017","CN=Computers"
"M017026","CN=Computers"
"M017027","CN=Computers"
"M017039","CN=Computers"
"M017040","CN=Computers"
"M017100","CN=Computers"
"M017101","CN=Computers"
"M017212","CN=Computers"
"M017312","CN=Computers"
"M017348","CN=Computers"
"M017349","CN=Computers"
"M017350","CN=Computers"
"M017352","CN=Computers"
"M017357","CN=Computers"
"M017359","CN=Computers"
"M017360","CN=Computers"
"M017361","CN=Computers"
"M017362","CN=Computers"
"M017363","CN=Computers"
"M017365","CN=Computers"
"M017366","CN=Computers"
"M017367","CN=Computers"
"M017368","CN=Computers"
"M017369","CN=Computers"
"M017370","OU=Test Desktop"
"M017371","CN=Computers"
"M017372","CN=Computers"
"M017373","CN=Computers"
"M017374","CN=Computers"
"M017375","CN=Computers"
"M017376","CN=Computers"
"M017378","CN=Computers"
"M017379","CN=Computers"
"M017381","CN=Computers"
"M017382","CN=Computers"
"M017384","CN=Computers"
"M017385","CN=Computers"
"M017386","CN=Computers"
"M017389","CN=Computers"
"M017390","CN=Computers"
"M017391","CN=Computers"
"M017392","CN=Computers"
"M017393","CN=Computers"
"M017394","CN=Computers"
"M017395","CN=Computers"
"M017397","CN=Computers"
"M017398","CN=Computers"
"M017399","CN=Computers"
"M017400","CN=Computers"
"M017401","CN=Computers"
"M017402","CN=Computers"
"M017403","CN=Computers"
"M017404","CN=Computers"
"M017405","CN=Computers"
"M017406","CN=Computers"
"M017407","CN=Computers"
"M017408","CN=Computers"
"M017409","CN=Computers"
"M017412","CN=Computers"
"M017413","CN=Computers"
"M017414","CN=Computers"
"M017415","CN=Computers"
"M017416","CN=Computers"
"M017417","CN=Computers"
"M017419","CN=Computers"
"M017421","CN=Computers"
"M017422","CN=Computers"
"M017423","CN=Computers"
"M017424","CN=Computers"
"M017425","CN=Computers"
"M017426","CN=Computers"
"M017427","CN=Computers"
"M017429","CN=Computers"
"M017431","CN=Computers"
"M017432","CN=Computers"
"M017433","CN=Computers"
"M017434","CN=Computers"
"M017435","CN=Computers"
"M017437","CN=Computers"
"M017438","CN=Computers"
"M017439","CN=Computers"
"M017441","CN=Computers"
"M017442","CN=Computers"
"M017443","CN=Computers"
"M017444","CN=Computers"
"M017445","CN=Computers"
"M017446","CN=Computers"
"M017449","CN=Computers"
"M017451","CN=Computers"
"M017452","CN=Computers"
"M017453","CN=Computers"
"M017456","CN=Computers"
"M017457","CN=Computers"
"M017458","CN=Computers"
"M017459","CN=Computers"
"M017460","CN=Computers"
"M017461","CN=Computers"
"M017462","CN=Computers"
"M017463","CN=Computers"
"M017464","CN=Computers"
"M017465","CN=Computers"
"M017466","CN=Computers"
"M017469","CN=Computers"
"M017471","CN=Computers"
"M017472","CN=Computers"
"M017473","CN=Computers"
"M017474","CN=Computers"
"M017475","CN=Computers"
"M017476","CN=Computers"
"M017478","CN=Computers"
"M017479","CN=Computers"
"M017480","CN=Computers"
"M017481","CN=Computers"
"M017482","CN=Computers"
"M017483","CN=Computers"
"M017484","CN=Computers"
"M017485","CN=Computers"
"M017486","CN=Computers"
"M017487","CN=Computers"
"M017489","CN=Computers"
"M017490","CN=Computers"
"M017491","CN=Computers"
"M017492","CN=Computers"
"M017494","CN=Computers"
"M017496","CN=Computers"
"M017497","CN=Computers"
"M017498","CN=Computers"
"M017501","CN=Computers"
"M017502","CN=Computers"
"M017504","CN=Computers"
"M017505","CN=Computers"
"M017506","CN=Computers"
"M017511","CN=Computers"
"M017513","CN=Computers"
"M017514","CN=Computers"
"M017515","CN=Computers"
"M017517","CN=Computers"
"M017518","CN=Computers"
"M017519","CN=Computers"
"M017520","CN=Computers"
"M017522","CN=Computers"
"M017523","CN=Computers"
"M017524","CN=Computers"
"M017525","CN=Computers"
"M017526","CN=Computers"
"M017530","CN=Computers"
"M017531","CN=Computers"
"M017532","CN=Computers"
"M017534","CN=Computers"
"M017535","CN=Computers"
"M017536","CN=Computers"
"M017537","CN=Computers"
"M017538","CN=Computers"
"M017539","CN=Computers"
"M017540","CN=Computers"
"M017542","CN=Computers"
"M017543","CN=Computers"
"M017545","CN=Computers"
"M017546","CN=Computers"
"M017549","CN=Computers"
"M017551","CN=Computers"
"M017552","CN=Computers"
"M017553","CN=Computers"
"M017555","CN=Computers"
"M017556","CN=Computers"
"M017557","CN=Computers"
"M017558","CN=Computers"
"M017559","CN=Computers"
"M017560","CN=Computers"
"M017561","CN=Computers"
"M017562","CN=Computers"
"M017563","CN=Computers"
"M017564","CN=Computers"
"M017565","CN=Computers"
"M017566","CN=Computers"
"M017567","CN=Computers"
"M017568","CN=Computers"
"M017570","CN=Computers"
"M017572","CN=Computers"
"M017573","CN=Computers"
"M017576","CN=Computers"
"M017577","CN=Computers"
"M017578","CN=Computers"
"M017580","CN=Computers"
"M017582","CN=Computers"
"M017583","CN=Computers"
"M017584","CN=Computers"
"M017585","CN=Computers"
"M017586A","CN=Computers"
"M017587","CN=Computers"
"M017588","CN=Computers"
"M017589","CN=Computers"
"M017591","CN=Computers"
"M017592","CN=Computers"
"M017593","CN=Computers"
"M017594","CN=Computers"
"M017596","CN=Computers"
"M017597","CN=Computers"
"M017598","CN=Computers"
"M017599","CN=Computers"
"M017841","CN=Computers"
"M019478","CN=Computers"
"M019479","CN=Computers"
"M019480","CN=Computers"
"M019481","CN=Computers"
"M019498","CN=Computers"
"M019499","CN=Computers"
"M019500","CN=Computers"
"M019501","CN=Computers"
"M08769","CN=Computers"
"M09160","CN=Computers"
"M0XXXXX","CN=Computers"
"M11599","CN=Computers"
"M13091","CN=Computers"
"M13150","CN=Computers"
"M13157","CN=Computers"
"M13234","CN=Computers"
"M13366","CN=Computers"
"M13434","CN=Computers"
"M13461","CN=Computers"
"M13979","CN=Computers"
"M14588","CN=Computers"
"M14627","CN=Computers"
"M14686","CN=Computers"
"M14698","CN=Computers"
"M14829","CN=Computers"
"M14840","CN=Computers"
"M15179","CN=Computers"
"M15295","CN=Computers"
"M15347","CN=Computers"
"M15361","CN=Computers"
"M15420","CN=Computers"
"M16644","CN=Computers"
"M16703","CN=Computers"
"M17428","CN=Computers"
"MEH3DOCT","OU=Servers"
"MEHACUITAS","OU=Servers"
"MEHACUITASTRN2","OU=Servers"
"MEHADFS-01","OU=Servers"
"MEHADFS-02","OU=Servers"
"MEHAM","OU=Servers"
"MEHBACKUP","OU=Servers"
"MEHBACS","OU=Servers"
"MEHBIGDATA","OU=Servers"
"MEHBIGHANDAPP","OU=Servers"
"MEHBLOCK","OU=Servers"
"MEHBLSOLAR3","OU=Servers"
"MEHBO2","OU=Servers"
"MEHBRAILLE","OU=Servers"
"MEHCA1","OU=Servers"
"MEHCA2","OU=Servers"
"MEHCAROOT","OU=Servers"
"MEHCB-01","OU=2018"
"MEHCB-02","OU=2018"
"MEHCITOADMIN","OU=Servers"
"MEHCITOADP01","OU=Servers"
"MEHCITOAPP01","OU=Servers"
"MEHCITOAPP02","OU=Servers"
"MEHCITOTRN01","OU=Servers"
"MEHCITOTST01","OU=Servers"
"MEHCITOWEB01","OU=Servers"
"MEHCITOWEB02","OU=Servers"
"MEHCITOWEB03","OU=Servers"
"MEHCITOWEB04","OU=Servers"
"MEHCODE","OU=Servers"
"MEHCROWS2","OU=Servers"
"MEHCSSD","OU=Servers"
"MEHCSSDNEQIS","OU=Servers"
"MEHDAWN","OU=Servers"
"MEHDAWN-DEV","OU=Servers"
"MEHDBS","OU=Servers"
"MEHDC1","OU=Domain Controllers"
"MEHDC2","OU=Domain Controllers"
"MEHDC3","OU=Domain Controllers"
"MEHDC4","OU=Domain Controllers"
"MEHDCCRO","OU=Domain Controllers"
"MEHDCDV","OU=Domain Controllers"
"MEHDCEAL","OU=Domain Controllers"
"MEHDCME","OU=Domain Controllers"
"MEHDCNWP","OU=Domain Controllers"
"MEHDCPB1","OU=Domain Controllers"
"MEHDCSLG1","OU=Domain Controllers"
"MEHDCSTA","OU=Domain Controllers"
"MEHDCSTG","OU=Domain Controllers"
"MEHDEPLOY","OU=Servers"
"MEHDIAGNOSYS","OU=Servers"
"MEHDOCMANHUB","OU=Servers"
"MEHDPM-02","OU=Servers"
"MEHDPM-03","OU=Servers"
"MEHDR3","OU=VM Host Servers"
"MEHDR4","OU=VM Host Servers"
"MEHDR5","OU=VM Host Servers"
"MEHDR6","OU=VM Host Servers"
"MEHDRS","OU=Servers"
"MEHDSCRIBE-TEST","OU=Servers"
"MEHDWSSDT","OU=Servers"
"MEHDWSSRS","OU=Servers"
"MEHEHR","OU=Servers"
"MEHEHR-DEV","OU=Servers"
"MEHEHRMIRTH","OU=Servers"
"MEHEHRMIRTH-DEV","OU=Servers"
"MEHEKAHAU","OU=Servers"
"MEHENDPOINT","OU=Servers"
"MEHEXHC1","OU=Servers"
"MEHEXHC2","OU=Servers"
"MEHEXMB1","OU=Servers"
"MEHEXMB2","OU=Servers"
"MEHEYESUITE","OU=Servers"
"MEHFIN4","OU=Servers"
"MEHFIN5","OU=Servers"
"MEHFORTIEMS","OU=Servers"
"MEHFORUM","OU=Servers"
"MEHFORUM-DEV","OU=Servers"
"MEHFORUM-SPARE","OU=Servers"
"MEHFRONTLINE","OU=Servers"
"MEHFTP","OU=Servers"
"MEHGALAXY-DEV","OU=Servers"
"MEHGALAXY-LIV","OU=Servers"
"MEHGW-01","OU=RDI"
"MEHGW-02","OU=RDI"
"MEHHARLEQUIN","OU=Servers"
"MEHHEI","OU=Servers"
"MEHHEYEX","OU=Servers"
"MEHHEYEX2","OU=Servers"
"MEHHEYEX2-CRO","OU=Servers"
"MEHHFA","OU=Servers"
"MEHHONEYWELL","OU=Servers"
"MEHHPDM","OU=Servers"
"MEHHTA-BACKUP","OU=Servers"
"MEHHYBRIDMAIL","OU=Servers"
"MEHIC6","OU=Terminal Servers"
"MEHIC7","OU=Terminal Servers"
"MEHIC9","OU=Terminal Servers"
"MEHICEAL","OU=Terminal Servers"
"MEHICME","OU=Terminal Servers"
"MEHICNWP","OU=Terminal Servers"
"MEHICPB","OU=Terminal Servers"
"MEHICSG","OU=Terminal Servers"
"MEHICSTA","OU=Terminal Servers"
"MEHIMAGENET","OU=Servers"
"MEHIMAGENET6","OU=Servers"
"MEHIMAGENET6-SP","OU=Servers"
"MEHIMAGENET6TST","OU=Servers"
"MEHIMAGENET-RD","OU=Servers"
"MEHIMGDWH","OU=Servers"
"MEHIMGDWHDEV","OU=Servers"
"MEHIMGDWHDICOM","OU=Servers"
"MEHIMGDWHETL","OU=Servers"
"MEHINFOFLEX","OU=Servers"
"MEHINFOFLEX2","OU=Servers"
"MEHIRESEARCH","OU=Servers"
"MEHISATEC2","OU=Servers"
"MEHISLR","OU=Servers"
"MEHIWMC1","OU=Servers"
"MEHJITBIT","OU=Servers"
"MEHKMIP","OU=Servers"
"MEHKONAN","OU=Servers"
"MEHKOWA","OU=Servers"
"MEHLIBERTY01","OU=Servers"
"MEHLIBERTY02","OU=Servers"
"MEHLIBSIP1","OU=Servers"
"MEHLIBSIP2","OU=Servers"
"MEHLIGHT","OU=Servers"
"MEHLNWUH","OU=Servers"
"MEHLOOKEEN","OU=Servers"
"MEHMAGICXPA","OU=Servers"
"MEHMAILSAFE","OU=Servers"
"MEHMAILSAFEFS","OU=Servers"
"MEHMEDISOFT","OU=Servers"
"MEHMEDISOFT-DEV","OU=Servers"
"MEHMESH","OU=Servers"
"MEHMHS3","OU=Servers"
"MEHMHS3-DEV","OU=Servers"
"MEHMICROGEN","OU=Servers"
"MEHMSIGHT-DEV","OU=Servers"
"MEHMSIGHT-LIV","OU=Servers"
"MEHMSIGHT-SSRS","OU=Servers"
"MEHNCE","OU=Servers"
"MEHOEIMAGES1","OU=Servers"
"MEHOEM-DR","OU=Servers"
"MEHOEM-LIV","OU=Servers"
"MEHOEM-TST","OU=Servers"
"MEHOETRANSDEV","OU=Servers"
"MEHOPTOS","OU=Servers"
"MEHOPTOS-CALI","OU=Servers"
"MEHOPTOS-CRO","OU=Servers"
"MEHOPTOVUE","OU=Servers"
"MEHORA1","OU=Servers"
"MEHORA2","OU=Servers"
"MEHORADEV1","OU=Servers"
"MEHORADEV4","OU=Servers"
"MEHPACSAP01","OU=Servers"
"MEHPACSAP-OLD","OU=Servers"
"MEHPACSDB01","OU=Servers"
"MEHPACSDB-OLD","OU=Servers"
"MEHPACSIMS01","OU=Servers"
"MEHPACSMON01","OU=Servers"
"MEHPACSMON02","OU=Servers"
"MEHPACSTST01","OU=Servers"
"MEHPAESSLER","OU=Servers"
"MEHPASSWORD","OU=Servers"
"MEHPASTEST-01","OU=2018"
"MEHPENTACAM","OU=Servers"
"MEHPKIOSK","OU=Servers"
"MEHPLICSBI","OU=Servers"
"MEHPMA","OU=Servers"
"MEHPMASQL2","OU=Servers"
"MEHPORTERTRAC","OU=Servers"
"MEHPRIPAT","OU=Servers"
"MEHPRIPAT2","OU=Servers"
"MEHPRIPAT-DEV","OU=Servers"
"MEHPRIPAT-LIV","OU=Servers"
"MEHPRIPAT-TEST","OU=Servers"
"MEHQS1","OU=Servers"
"MEHQSDEV1","OU=Servers"
"MEHQV","OU=Servers"
"MEHQV2","OU=Servers"
"MEHRADCLONE","OU=Servers"
"MEHRADCLONEOLD","OU=Servers"
"MEHRADINT11G2","OU=Servers"
"MEHRDS-01","OU=2018"
"MEHRDS-02","OU=2018"
"MEHRDS-03","OU=2018"
"MEHRDS-04","OU=2018"
"MEHRDS-05","OU=2018"
"MEHRDS-06","OU=2018"
"MEHRDS-07","OU=2018"
"MEHRDS-08","OU=2018"
"MEHRDS-09","OU=2018"
"MEHRDS-10","OU=2018"
"MEHRDS-11","OU=2018"
"MEHRDS-12","OU=2018"
"MEHRDS-13","OU=2018"
"MEHRDS-14","OU=2018"
"MEHRDS-15","OU=2018"
"MEHRDS-16","OU=2018"
"MEHRDS-17","OU=2018"
"MEHRDS-18","OU=2018"
"MEHRDS-19","OU=2018"
"MEHRDS-20","OU=2018"
"MEHRDS-21","OU=2018"
"MEHRDS-22","OU=2018"
"MEHRDS23","OU=2018"
"MEHRDS-23","OU=2018"
"MEHRDS-24","OU=2018"
"MEHRDS-25","OU=2018"
"MEHRDS-26","OU=2018"
"MEHRDS-27","OU=2018"
"MEHRDS-28","OU=2018"
"MEHRDS-29","OU=2018"
"MEHRDS-30","OU=2018"
"MEHRDS-31","OU=2018"
"MEHRDS-32","OU=2018"
"MEHRDS-33","OU=2018"
"MEHRDS-34","OU=2018"
"MEHRDS-35","OU=2018"
"MEHRDS-36","OU=2018"
"MEHRDS-37","OU=2018"
"MEHRDS-38","OU=2018"
"MEHRDS-39","OU=2018"
"MEHRDS-40","OU=2018"
"MEHRDS-41","OU=2018"
"MEHRDS-42","OU=2018"
"MEHRDS-43","OU=2018"
"MEHRDS-44","OU=2018"
"MEHRDS-45","OU=2018"
"MEHRDS-46","OU=2018"
"MEHRDS-47","OU=2018"
"MEHRDS-48","OU=2018"
"MEHRDS-49","OU=2018"
"MEHRDS-50","OU=2018"
"MEHRDS-51","OU=2018"
"MEHRDS-52","OU=2018"
"MEHRDS-53","OU=2018"
"MEHRDS-54","OU=2018"
"MEHRDS-55","OU=2018"
"MEHRDS-56","OU=2018"
"MEHRDS-57","OU=2018"
"MEHRDS-58","OU=2018"
"MEHRDS-59","OU=2018"
"MEHRDS-60","OU=2018"
"MEHRDS-61","OU=2018"
"MEHRDS-62","OU=2018"
"MEHRDS-63","OU=2018"
"MEHRDSF-01","OU=External-Servers"
"MEHRDSF-02","OU=External-Servers"
"MEHRDSF-03","OU=External-Servers"
"MEHRDS-GOLD","OU=2018"
"MEHRDSTEST-01","OU=RDSH-No-CB"
"MEHRDWEB1","OU=Servers"
"MEHRHAP-PROD","OU=Servers"
"MEHRHAPSODY-DE","OU=Servers"
"MEHRHAPSODY-LIV","OU=Servers"
"MEHRHAPSODY-TES","OU=Servers"
"MEHRPS-01","OU=Servers"
"MEHRPS-02","OU=Servers"
"MEHRPS-03","OU=Servers"
"MEHRXRC","OU=Servers"
"MEHSAFEGUARD","OU=Servers"
"MEHSAN3","OU=Servers"
"MEHSAN4","OU=Servers"
"MEHSANDB","OU=Servers"
"MEHSBO","OU=Servers"
"MEHSBOREPORT","OU=Servers"
"MEHSCDPM1","OU=Servers"
"MEHSCDPM2","OU=Servers"
"MEHSCDPM3","OU=Servers"
"MEHSCVMM","OU=Servers"
"MEHSL1","OU=Servers"
"MEHSL2","OU=Servers"
"MEHSLAM","OU=Servers"
"MEHSMTP","OU=Servers"
"MEHSNOW","OU=Servers"
"MEHSOFTWIRE","OU=Servers"
"MEHSOLAR","OU=Servers"
"MEHSP","OU=Servers"
"MEHSP2","OU=Servers"
"MEHSQL1","OU=Servers"
"MEHSQL2","OU=Servers"
"MEHSQL3","OU=Servers"
"MEHSQL4","OU=Servers"
"MEHSQLDEV1","OU=Servers"
"MEHSQLDEV2","OU=Servers"
"MEHSQLDEV3","OU=Servers"
"MEHSQLDEV4","OU=Servers"
"MEHSW","OU=Servers"
"MEHSYNAPP","OU=Servers"
"MEHTANSYNC","OU=Servers"
"MEHTAS","OU=Servers"
"MEHTIGERWEB","OU=Servers"
"MEHTOMEYCASCIA","OU=Servers"
"MEHUAT-01","OU=OE-Collection"
"MEHUAT-02","OU=OE-Collection"
"MEHUATTAS","OU=Servers"
"MEHUNIFLOW1","OU=Servers"
"MEHVECTRA","OU=Servers"
"MEHVM-01","OU=VM Host Servers"
"MEHVM-02","OU=VM Host Servers"
"MEHVM-03","OU=VM Host Servers"
"MEHVM-04","OU=VM Host Servers"
"MEHVM-05","OU=VM Host Servers"
"MEHVM-06","OU=VM Host Servers"
"MEHVM-07","OU=VM Host Servers"
"MEHVM-08","OU=VM Host Servers"
"MEHVM-09","OU=VM Host Servers"
"MEHVM-10","OU=VM Host Servers"
"MEHVM-11","OU=VM Host Servers"
"MEHVM-12","OU=VM Host Servers"
"MEHVM-13","OU=VM Host Servers"
"MEHVM-14","OU=VM Host Servers"
"MEHVM17","OU=VM Host Servers"
"MEHVM18","OU=VM Host Servers"
"MEHVM19","OU=VM Host Servers"
"MEHVM2","OU=VM Host Servers"
"MEHVM20","OU=VM Host Servers"
"MEHVM3","OU=VM Host Servers"
"MEHVM4","OU=VM Host Servers"
"MEHVM5","OU=VM Host Servers"
"MEHVM6","OU=VM Host Servers"
"MEHVM7","OU=VM Host Servers"
"MEHVM8","OU=VM Host Servers"
"MEHVM9","OU=VM Host Servers"
"MEHVMC10","OU=VM Host Servers"
"MEHVMC3","OU=VM Host Servers"
"MEHVMC4","OU=VM Host Servers"
"MEHVMC5","OU=VM Host Servers"
"MEHVMC6","OU=Servers"
"MEHVMC7","OU=VM Host Servers"
"MEHVMC8","OU=VM Host Servers"
"MEHVMC9","OU=VM Host Servers"
"MEHVM-CR","OU=VM Host Servers"
"MEHVM-DV1","OU=VM Host Servers"
"MEHVM-EAL","OU=VM Host Servers"
"MEHVM-ME","OU=VM Host Servers"
"MEHVM-NWP","OU=VM Host Servers"
"MEHVM-PB","OU=VM Host Servers"
"MEHVM-SPARE","OU=Servers"
"MEHVM-STA","OU=VM Host Servers"
"MEHVM-STG","OU=VM Host Servers"
"MEHWEB-01","OU=RDI"
"MEHWEB-02","OU=RDI"
"MEHWINDIP","OU=Servers"
"MEHWINDIPWEB1","OU=Servers"
"MEHWINDIPWEB2","OU=Servers"
"MEHWSUS","OU=Servers"
"MILEEND-OCT2000","CN=Computers"
"MOORDX01","CN=Computers"
"MOORDX02","CN=Computers"
"MS39-PP4","CN=Computers"
"NB015290","OU=Laptops"
"NB11404","OU=Laptops"
"NB11502","OU=Laptops"
"NB11503","OU=Laptops"
"NB11563","OU=Laptops"
"NB12163","OU=Laptops"
"NB12408","OU=Laptops"
"NB12411","OU=Laptops"
"NB12422","OU=Laptops"
"NB12473","OU=Laptops"
"NB12500","OU=Laptops"
"NB12508","OU=Laptops"
"NB12558","OU=Laptops"
"NB12677","OU=Laptops"
"NB12704","OU=Laptops"
"NB12708","OU=Laptops"
"NB12771","OU=FortiClient-Admin"
"NB12814","OU=Laptops"
"NB12822","OU=Laptops"
"NB12859","OU=Laptops"
"NB12900","OU=Laptops"
"NB12941","OU=Laptops"
"NB13039","OU=Laptops"
"NB13266","CN=Computers"
"NB13267","OU=Laptops"
"NB13809","OU=Laptops"
"NB13961","OU=Laptops"
"NB14927","OU=Laptops"
"NB14929","OU=FortiClient-Admin"
"NB14943A","OU=Laptops"
"NB14946","OU=Laptops"
"NB14950","OU=Laptops"
"NB14951","OU=Laptops"
"NB14953","OU=Laptops"
"NB14954","OU=Laptops"
"NB14955","OU=Laptops"
"NB14956","OU=Laptops"
"NB14957","OU=Laptops"
"NB14980","OU=Laptops"
"NB14992","OU=Laptops"
"NB14997","OU=FortiClient-Admin"
"NB15060","OU=Laptops"
"NB15062","OU=Laptops"
"NB15063","OU=Laptops"
"NB15069","OU=Laptops"
"NB15070","OU=Laptops"
"NB15073","OU=Laptops"
"NB15075","OU=Laptops"
"NB15076","OU=Laptops"
"NB15080","OU=Laptops"
"NB15088","OU=Laptops"
"NB15294","OU=Laptops"
"NB15586","OU=Laptops"
"NB15588","OU=Laptops"
"NB15705","OU=Laptops"
"NB15706","OU=Laptops"
"NB15707","OU=Laptops"
"NB15740","OU=Laptops"
"NB15808","OU=Laptops"
"NB15809","OU=Laptops"
"NB15821","OU=Laptops"
"NB15822","OU=Laptops"
"NB15825","OU=Laptops"
"NB15826","OU=Laptops"
"NB15827","OU=Laptops"
"NB15835","OU=Laptops"
"NB15836","OU=Laptops"
"NB15837","OU=Laptops"
"NB15839","OU=Laptops"
"NB15890","OU=Laptops"
"NB15891","OU=Laptops"
"NB15892","OU=Laptops"
"NB15939","OU=Laptops"
"NB15940","OU=Laptops"
"NB15941","OU=Laptops"
"NB15942","OU=Laptops"
"NB15943","OU=Laptops"
"NB15945","OU=Laptops"
"NB15947","OU=Laptops"
"NB15948","OU=Laptops"
"NB15951","OU=Laptops"
"NB15952","OU=Laptops"
"NB15960","OU=FortiClient-Admin"
"NB15961","OU=Laptops"
"NB15970","OU=Laptops"
"NB15984","OU=Laptops"
"NB15994","OU=Laptops"
"NB15997","OU=FortiClient-Test"
"NB16064","OU=Laptops"
"NB16065","OU=Laptops"
"NB16066","OU=Laptops"
"NB16110","OU=Laptops"
"nb16111","OU=Laptops"
"NB16187","OU=Laptops"
"NB16188","OU=Laptops"
"NB16227","OU=Laptops"
"NB16228","OU=Laptops"
"NB16241","OU=Laptops"
"NB16253","OU=FortiClient-Admin"
"NB16254","OU=Laptops"
"NB16255","OU=Laptops"
"NB16256","OU=Laptops"
"NB16258","OU=Laptops"
"NB16259","OU=Laptops"
"NB16532","OU=Laptops"
"NB16536","OU=Laptops"
"NB16537","OU=Laptops"
"NB16538","OU=Laptops"
"NB16539","OU=Laptops"
"NB16560","OU=FortiClient-Admin"
"NB16566","OU=Laptops"
"NB16619","OU=Laptops"
"NB16746","OU=Laptops"
"NB16798","OU=Laptops"
"NB16811","OU=Laptops"
"NB16844","OU=Laptops"
"NB16845","OU=Laptops"
"NB16847","OU=FortiClient-Admin"
"NB16849","OU=Laptops"
"NB16870","OU=Laptops"
"NB16872","OU=Laptops"
"NB16873","OU=Laptops"
"NB16874","OU=Laptops"
"NB16876","OU=Laptops"
"NB16878","OU=Laptops"
"NB16879","OU=Laptops"
"NB16881","OU=Laptops"
"NB16882","OU=Laptops"
"NB16883","OU=Laptops"
"NB16884","OU=Laptops"
"NB16885","OU=Laptops"
"NB16887","OU=Laptops"
"NB16888","OU=Laptops"
"NB16889","OU=Laptops"
"NB16890","OU=Laptops"
"NB16891","OU=Laptops"
"NB16892","OU=Laptops"
"NB16893","OU=Laptops"
"NB16894","OU=Laptops"
"NB16895","OU=Laptops"
"NB16897","OU=Laptops"
"NB16899","OU=Laptops"
"NB16900","OU=Laptops"
"NB16901","OU=Laptops"
"NB16902","OU=Laptops"
"NB16903","OU=FortiClient-Admin"
"NB16905","OU=Laptops"
"NB16906","OU=Laptops"
"NB16908","OU=Laptops"
"NB16909","OU=Laptops"
"NB16910","OU=Laptops"
"NB16911","OU=Laptops"
"NB16912","OU=Laptops"
"NB16913","OU=Laptops"
"NB16915","OU=Laptops"
"NB16916","OU=Laptops"
"NB16930","OU=Laptops"
"NB16931","OU=FortiClient-Admin"
"NB17019","OU=Laptops"
"NB17103","OU=Laptops"
"NB17105","OU=FortiClient-Admin"
"NB17108","OU=Laptops"
"NB17109","OU=Laptops"
"NB17110","OU=Laptops"
"NB17122","OU=Laptops"
"NB17150","OU=Laptops"
"NB17152","OU=Laptops"
"NB17154","OU=Laptops"
"NB17155","OU=Laptops"
"NB17156","OU=Laptops"
"NB17296","OU=Laptops"
"NB17299","OU=Laptops"
"NB17327","OU=Laptops"
"NB17330","OU=Laptops"
"NB17333","OU=Laptops"
"NB17335","OU=Laptops"
"NB17336","OU=Laptops"
"NB17337","OU=Laptops"
"NB17611","OU=Laptops"
"NB17612","OU=Laptops"
"NB17613","OU=Laptops"
"NB17614","OU=Laptops"
"NB17616","OU=Laptops"
"NB17617","OU=Laptops"
"NB17618","OU=Laptops"
"NB17640","OU=Laptops"
"NB17641","OU=Laptops"
"NB17642","OU=Laptops"
"NB17643","OU=Laptops"
"NB17644","OU=Laptops"
"NB17645","OU=Laptops"
"NB17646","OU=Laptops"
"NB17647","OU=Laptops"
"NB17648","OU=Laptops"
"NB17649","OU=Laptops"
"NB17650","OU=Laptops"
"NB17670","OU=Laptops"
"NB17671","OU=Laptops"
"NB17680","OU=Laptops"
"NB17681","OU=Laptops"
"NB17683","OU=Laptops"
"NB17684","OU=Laptops"
"NB17685","OU=Laptops"
"NB17686","OU=Laptops"
"NB17847","OU=Laptops"
"NB17848","OU=Laptops"
"NB17849","OU=Laptops"
"NB17851","OU=Laptops"
"NB17852","OU=Laptops"
"NB17853","OU=Laptops"
"NB17854","OU=Laptops"
"NB17879","OU=Laptops"
"NB17884","OU=Laptops"
"NB17886","OU=Laptops"
"NB17887","OU=Laptops"
"NB17892","OU=Laptops"
"NB17894","OU=Laptops"
"NB17895","OU=Laptops"
"NB17896","OU=Laptops"
"NB17897","OU=Laptops"
"NB17900","OU=Laptops"
"NB17901","OU=Laptops"
"NB17902","OU=Laptops"
"NB17903","OU=Laptops"
"NB17913","OU=Laptops"
"NB17914","OU=Laptops"
"NB17987","OU=Laptops"
"NB17989","OU=Laptops"
"NB18100","OU=Laptops"
"NB18101","OU=Laptops"
"NB18102","OU=Laptops"
"NB18103","OU=Laptops"
"NB18104","OU=Laptops"
"NB18112","OU=Laptops"
"NB18113","OU=Laptops"
"NB18114","OU=Laptops"
"NB18119","OU=Laptops"
"NB18121","OU=Laptops"
"NB18127","OU=Laptops"
"NB18128","OU=Laptops"
"NB18133","OU=Laptops"
"NB18135","OU=Laptops"
"NB18137","OU=Laptops"
"NB18140","OU=Laptops"
"NB18141","OU=Laptops"
"NB18142","OU=Laptops"
"NB18143","OU=Laptops"
"NB18144","OU=Laptops"
"NB18145","OU=Laptops"
"NB18146","OU=Laptops"
"NB18147","OU=Laptops"
"NB18148","OU=Laptops"
"NB18431","OU=Laptops"
"NB18432","OU=Laptops"
"NB18434","OU=Laptops"
"NB18435","OU=Laptops"
"NB18437","OU=Laptops"
"NB18438","OU=Laptops"
"NB18439","OU=Laptops"
"NB18440","OU=Laptops"
"NB18441","OU=Laptops"
"NB18442","OU=Laptops"
"NB18443","OU=Laptops"
"NB18444","OU=Laptops"
"NB18445","OU=Laptops"
"NB18446","OU=Laptops"
"NB18447","OU=Laptops"
"NB18449","OU=Laptops"
"NB18454","OU=Laptops"
"NB18455","OU=Laptops"
"NB18456","OU=Laptops"
"NB18457","OU=Laptops"
"NB18471","OU=Laptops"
"NB18474","OU=Laptops"
"NB18475","OU=Laptops"
"NB18477","OU=Laptops"
"NB18478","OU=Laptops"
"NB18479","OU=Laptops"
"NB18480","OU=Laptops"
"NB18481","OU=Laptops"
"NB18482","OU=Laptops"
"NB18483","OU=Laptops"
"NB18484","OU=Laptops"
"NB18485","OU=Laptops"
"NB18490","OU=Laptops"
"NB18491","OU=Laptops"
"NB18492","OU=Laptops"
"NB18495","OU=Laptops"
"NB18496","OU=Laptops"
"NB18498","OU=Laptops"
"NB18499","OU=Laptops"
"NB18502","OU=Laptops"
"NB18503","OU=Laptops"
"NB18504","OU=Laptops"
"NB18509","OU=Laptops"
"NB18560","OU=Laptops"
"NB18561","OU=Laptops"
"NB18564","OU=Laptops"
"NB18565","OU=Laptops"
"NB18796","OU=Laptops"
"NB19264","OU=Laptops"
"NB19266","OU=Laptops"
"NB19267","OU=Laptops"
"NB19268","OU=Laptops"
"NB19269","OU=Laptops"
"NB19400","OU=FortiClient-Test"
"NB19401","OU=Laptops"
"NB19402","OU=Laptops"
"NB19403","OU=Laptops"
"NB19404","OU=Laptops"
"NB19405","OU=Laptops"
"NB19406","OU=Laptops"
"NB19407","OU=Laptops"
"NB19408","OU=Laptops"
"NB19409","OU=Laptops"
"NB19421","OU=Laptops"
"NB19422","OU=Laptops"
"NB19423","OU=Laptops"
"NB19424","OU=Laptops"
"NB19425","OU=Laptops"
"NB19426","OU=Laptops"
"NB19427","OU=Laptops"
"NB19428","OU=Laptops"
"NB19429","OU=Laptops"
"NB19432","OU=Laptops"
"NB19433","OU=Laptops"
"NB19434","OU=Laptops"
"NB19435","OU=Laptops"
"NB19437","OU=Laptops"
"NB19438","OU=Laptops"
"NB19439","OU=Laptops"
"NB19440","OU=Laptops"
"NB19441","OU=Laptops"
"NB19442","OU=Laptops"
"NB19443","OU=Laptops"
"NB19444","OU=Laptops"
"NB19445","OU=Laptops"
"NB19447","OU=Laptops"
"NB19448","OU=Laptops"
"NB19449","OU=Laptops"
"NB19450","OU=Laptops"
"NB19451","OU=Laptops"
"NB19492","OU=Laptops"
"NB19495","OU=Laptops"
"NB19638","OU=Laptops"
"NBK15811","OU=FortiClient-Admin"
"NOTEBOOK11562","OU=Laptops"
"NOTEBOOK12671","OU=Laptops"
"NOTEBOOK15953","OU=Laptops"
"NOTEBOOK15964","OU=FortiClient-Admin"
"NOTEBOOK317","OU=Laptops"
"NOTEBOOK386","OU=Laptops"
"NOTEBOOK447","OU=Laptops"
"NOTEBOOK454","OU=FortiClient-Admin"
"NOTEBOOK456","OU=Laptops"
"NOTEBOOK459","OU=Laptops"
"NOTEBOOK460","OU=Laptops"
"NOTEBOOK467","OU=FortiClient-Admin"
"NOTEBOOK480","OU=Laptops"
"NOTEBOOK487","OU=Laptops"
"NOTEBOOK490","OU=Laptops"
"Notebook491","OU=Laptops"
"NOTEBOOK501","OU=Laptops"
"NOTEBOOK505","OU=Laptops"
"NOTEBOOK510","OU=Laptops"
"NOTEBOOK511","OU=Laptops"
"NOTEBOOK512","OU=Laptops"
"NOTEBOOK513","OU=Laptops"
"NOTEBOOK518","OU=Laptops"
"NOTEBOOK519","OU=Laptops"
"NOTEBOOK521","OU=Laptops"
"notebook527","OU=Laptops"
"Notebook531","OU=Laptops"
"NOTEBOOK532","OU=Laptops"
"Notebook533","OU=Laptops"
"NOTEBOOK534","OU=Laptops"
"notebook539","OU=Laptops"
"NOTEBOOK540","OU=Laptops"
"NOTEBOOK544","OU=Laptops"
"Notebook548","OU=Laptops"
"Notebook552","OU=Laptops"
"Notebook556","OU=Laptops"
"NOTEBOOK563","OU=Laptops"
"NOTEBOOK564","OU=Laptops"
"Notebook570","OU=Laptops"
"Notebook574","OU=Laptops"
"NOTEBOOK575","OU=Laptops"
"Notebook576","OU=Laptops"
"NOTEBOOK577","OU=Laptops"
"NOTEBOOK580","OU=Laptops"
"NOTEBOOK581","OU=Laptops"
"NOTEBOOK586","OU=Laptops"
"NOTEBOOK587","OU=Laptops"
"NOTEBOOK589","OU=Laptops"
"NOTEBOOK590","OU=Laptops"
"NOTEBOOK596","OU=Laptops"
"NOTEBOOK597","OU=Laptops"
"NOTEBOOK598","OU=Laptops"
"NOTEBOOK601","OU=Laptops"
"NOTEBOOK602","OU=Laptops"
"NOTEBOOK604","OU=Laptops"
"notebook606","OU=Laptops"
"NOTEBOOK607","OU=Laptops"
"NOTEBOOK609","OU=FortiClient-Admin"
"NOTEBOOK610","OU=Laptops"
"NOTEBOOK611","OU=Laptops"
"Notebook612","OU=Laptops"
"NOTEBOOK615","OU=FortiClient-Admin"
"NOTEBOOK617","OU=Laptops"
"Notebook622","OU=Laptops"
"NOTEBOOK624","OU=Laptops"
"NOTEBOOK628","OU=Laptops"
"NOTEBOOK632","OU=Laptops"
"NOTEBOOK634","OU=Laptops"
"Notebook637","OU=Laptops"
"NWPOCT200050K","CN=Computers"
"NWPOCT200050KG1","CN=Computers"
"NWPOCT200050KG2","CN=Computers"
"OCT2000_IJS1","CN=Computers"
"OCT2000-C11","CN=Computers"
"OCT2000-C1A","CN=Computers"
"OCT2000-CU","CN=Computers"
"OCT2000-LS1","CN=Computers"
"OCT2000-LS2","CN=Computers"
"OCTTRITION1A","CN=Computers"
"OPTOVUE_LGF_R14","CN=Computers"
"OPTOVUEXR_RM14","CN=Computers"
"RADCENTDR11G","OU=Servers"
"RADCENTRE11G","OU=Servers"
"RADCENTRE11GOLD","OU=Servers"
"RADINT11G","OU=Servers"
"RD-NW8F-CU","CN=Computers"
"RES-CB01","OU=RDI"
"RES-PRINT01","OU=RDI"
"RES-PRINT02","OU=Servers"
"RES-SQL02","OU=Servers"
"SGOCT2000EC4","CN=Computers"
"SGOCT2000PC01","CN=Computers"
"SLITLAMPCLIN2-4","CN=Computers"
"STG_BX900","CN=Computers"
"TAB13795","OU=Laptops"
"Tablet13028","OU=Laptops"
"TABLET13841","OU=Laptops"
"TABLET14924","OU=FortiClient-Admin"
"TABLET15001","OU=Laptops"
"TABLET15587","OU=Laptops"
"TABLET15744","OU=Laptops"
"TABLET15750","OU=Laptops"
"TABLET15829","OU=Laptops"
"TABLET15893","OU=Laptops"
"TABLET15897","OU=Laptops"
"TABLET16247","OU=Laptops"
"TABLET16257","OU=Laptops"
"TABLET16320","OU=Laptops"
"Tablet16614","OU=FortiClient-Admin"
"TABLET16615","OU=Laptops"
"TABLET16920","OU=FortiClient-Admin"
"TABLET16922","OU=Laptops"
"Tablet17015","OU=Laptops"
"TABLET18798","OU=Laptops"
"TABLET19639","OU=Laptops"
"TABLET8981","CN=Computers"
"TOPCONOCT-1","CN=Computers"
"TOPCONOCT-2","CN=Computers"
"TOPCONOCT-3","CN=Computers"
"TOPCON-SLITLAMP","CN=Computers"
"TRC50CR","CN=Computers"
"TRC50EALING2","CN=Computers"
"TRITONOCT-LG099","CN=Computers"
"TRITONPP1","CN=Computers"
"TRITONPP2","CN=Computers"
"VECTRAM3","CN=Computers"
"VERSION2UK","CN=Computers"
"VIK-LAPTOP","OU=FortiClient-Test"
