name,distinguishedname
NOTEBOOK460,"CN=NOTEBOOK460,OU=Laptops,DC=moorfields,DC=nhs,DC=uk"
NOTEBOOK464,"CN=NOTEBOOK464,OU=Laptops,DC=moorfields,DC=nhs,DC=uk"
notebook473,"CN=notebook473,OU=Laptops,DC=moorfields,DC=nhs,DC=uk"
M011977,"CN=M011977,CN=Computers,DC=moorfields,DC=nhs,DC=uk"
NOTEBOOK505,"CN=NOTEBOOK505,OU=Laptops,DC=moorfields,DC=nhs,DC=uk"
NOTEBOOK511,"CN=NOTEBOOK511,OU=Laptops,DC=moorfields,DC=nhs,DC=uk"
NOTEBOOK513,"CN=NOTEBOOK513,OU=Laptops,DC=moorfields,DC=nhs,DC=uk"
NOTEBOOK519,"CN=NOTEBOOK519,OU=Laptops,DC=moorfields,DC=nhs,DC=uk"
Notebook531,"CN=Notebook531,OU=Laptops,DC=moorfields,DC=nhs,DC=uk"
notebook550,"CN=notebook550,OU=Laptops,DC=moorfields,DC=nhs,DC=uk"
M013566,"CN=M013566,CN=Computers,DC=moorfields,DC=nhs,DC=uk"
TABLET13841,"CN=TABLET13841,OU=Laptops,DC=moorfields,DC=nhs,DC=uk"
M013912,"CN=M013912,CN=Computers,DC=moorfields,DC=nhs,DC=uk"
M013909,"CN=M013909,CN=Computers,DC=moorfields,DC=nhs,DC=uk"
M013894,"CN=M013894,CN=Computers,DC=moorfields,DC=nhs,DC=uk"
M013904,"CN=M013904,CN=Computers,DC=moorfields,DC=nhs,DC=uk"
M013907,"CN=M013907,CN=Computers,DC=moorfields,DC=nhs,DC=uk"
M013892,"CN=M013892,CN=Computers,DC=moorfields,DC=nhs,DC=uk"
M013948,"CN=M013948,CN=Computers,DC=moorfields,DC=nhs,DC=uk"
NB13961,"CN=NB13961,OU=Laptops,DC=moorfields,DC=nhs,DC=uk"
M013981,"CN=M013981,CN=Computers,DC=moorfields,DC=nhs,DC=uk"
NOTEBOOK454,"CN=NOTEBOOK454,OU=Laptops,DC=moorfields,DC=nhs,DC=uk"
NOTEBOOK596,"CN=NOTEBOOK596,OU=Laptops,DC=moorfields,DC=nhs,DC=uk"
NOTEBOOK598,"CN=NOTEBOOK598,OU=Laptops,DC=moorfields,DC=nhs,DC=uk"
notebook606,"CN=notebook606,OU=Laptops,DC=moorfields,DC=nhs,DC=uk"
NB12939,"CN=NB12939,OU=Laptops,DC=moorfields,DC=nhs,DC=uk"
NOTEBOOK610,"CN=NOTEBOOK610,OU=Laptops,DC=moorfields,DC=nhs,DC=uk"
M014700,"CN=M014700,CN=Computers,DC=moorfields,DC=nhs,DC=uk"
NOTEBOOK621,"CN=NOTEBOOK621,OU=Laptops,DC=moorfields,DC=nhs,DC=uk"
NOTEBOOK624,"CN=NOTEBOOK624,OU=Laptops,DC=moorfields,DC=nhs,DC=uk"
NOTEBOOK628,"CN=NOTEBOOK628,CN=Computers,DC=moorfields,DC=nhs,DC=uk"
TABLET14924,"CN=TABLET14924,OU=FortiClient-Admin,OU=Laptops,DC=moorfields,DC=nhs,DC=uk"
TABLET8981,"CN=TABLET8981,OU=Laptops,DC=moorfields,DC=nhs,DC=uk"
NB14929,"CN=NB14929,OU=Laptops,DC=moorfields,DC=nhs,DC=uk"
NB14946,"CN=NB14946,OU=Laptops,DC=moorfields,DC=nhs,DC=uk"
M014711,"CN=M014711,CN=Computers,DC=moorfields,DC=nhs,DC=uk"
TABLET15000,"CN=TABLET15000,OU=Laptops,DC=moorfields,DC=nhs,DC=uk"
NB15062,"CN=NB15062,OU=Laptops,DC=moorfields,DC=nhs,DC=uk"
NB15069,"CN=NB15069,OU=Laptops,DC=moorfields,DC=nhs,DC=uk"
NB15068,"CN=NB15068,OU=Laptops,DC=moorfields,DC=nhs,DC=uk"
NB15073,"CN=NB15073,OU=Laptops,DC=moorfields,DC=nhs,DC=uk"
NB15075,"CN=NB15075,OU=Laptops,DC=moorfields,DC=nhs,DC=uk"
NB15080,"CN=NB15080,OU=Laptops,DC=moorfields,DC=nhs,DC=uk"
NB15078,"CN=NB15078,OU=Laptops,DC=moorfields,DC=nhs,DC=uk"
NB15835,"CN=NB15835,OU=Laptops,DC=moorfields,DC=nhs,DC=uk"
NB15839,"CN=NB15839,OU=Laptops,DC=moorfields,DC=nhs,DC=uk"
NB15838,"CN=NB15838,OU=Laptops,DC=moorfields,DC=nhs,DC=uk"
NB15837,"CN=NB15837,OU=Laptops,DC=moorfields,DC=nhs,DC=uk"
M015374,"CN=M015374,CN=Computers,DC=moorfields,DC=nhs,DC=uk"
M015396,"CN=M015396,CN=Computers,DC=moorfields,DC=nhs,DC=uk"
M015400,"CN=M015400,CN=Computers,DC=moorfields,DC=nhs,DC=uk"
NB15891,"CN=NB15891,OU=Laptops,DC=moorfields,DC=nhs,DC=uk"
TABLET15897,"CN=TABLET15897,OU=Laptops,DC=moorfields,DC=nhs,DC=uk"
NB15088,"CN=NB15088,OU=Laptops,DC=moorfields,DC=nhs,DC=uk"
NB15940,"CN=NB15940,OU=Laptops,DC=moorfields,DC=nhs,DC=uk"
NB15941,"CN=NB15941,OU=Laptops,DC=moorfields,DC=nhs,DC=uk"
NB15960,"CN=NB15960,OU=FortiClient-Admin,OU=Laptops,DC=moorfields,DC=nhs,DC=uk"
NB15939,"CN=NB15939,OU=Laptops,DC=moorfields,DC=nhs,DC=uk"
NB15970,"CN=NB15970,OU=Laptops,DC=moorfields,DC=nhs,DC=uk"
NB15961,"CN=NB15961,OU=Laptops,DC=moorfields,DC=nhs,DC=uk"
NB15947,"CN=NB15947,OU=Laptops,DC=moorfields,DC=nhs,DC=uk"
NB15945,"CN=NB15945,OU=Laptops,DC=moorfields,DC=nhs,DC=uk"
NB15952,"CN=NB15952,OU=Laptops,DC=moorfields,DC=nhs,DC=uk"
NB15951,"CN=NB15951,OU=Laptops,DC=moorfields,DC=nhs,DC=uk"
NB15994,"CN=NB15994,OU=Laptops,DC=moorfields,DC=nhs,DC=uk"
M015561,"CN=M015561,CN=Computers,DC=moorfields,DC=nhs,DC=uk"
NB15997,"CN=NB15997,OU=FortiClient-Test,OU=Laptops,DC=moorfields,DC=nhs,DC=uk"
M015132,"CN=M015132,CN=Computers,DC=moorfields,DC=nhs,DC=uk"
NB15821,"CN=NB15821,OU=Laptops,DC=moorfields,DC=nhs,DC=uk"
NB15822,"CN=NB15822,OU=Laptops,DC=moorfields,DC=nhs,DC=uk"
M016061,"CN=M016061,CN=Computers,DC=moorfields,DC=nhs,DC=uk"
NB16064,"CN=NB16064,OU=Laptops,DC=moorfields,DC=nhs,DC=uk"
NB16066,"CN=NB16066,OU=Laptops,DC=moorfields,DC=nhs,DC=uk"
NB15825,"CN=NB15825,OU=Laptops,DC=moorfields,DC=nhs,DC=uk"
NB16110,"CN=NB16110,OU=Laptops,DC=moorfields,DC=nhs,DC=uk"
nb16111,"CN=nb16111,OU=Laptops,DC=moorfields,DC=nhs,DC=uk"
NB16188,"CN=NB16188,OU=Laptops,DC=moorfields,DC=nhs,DC=uk"
M016235,"CN=M016235,CN=Computers,DC=moorfields,DC=nhs,DC=uk"
NB16250,"CN=NB16250,OU=Laptops,DC=moorfields,DC=nhs,DC=uk"
NB12822,"CN=NB12822,OU=Laptops,DC=moorfields,DC=nhs,DC=uk"
NB16255,"CN=NB16255,OU=Laptops,DC=moorfields,DC=nhs,DC=uk"
NB16228,"CN=NB16228,OU=Laptops,DC=moorfields,DC=nhs,DC=uk"
NB16229,"CN=NB16229,OU=Laptops,DC=moorfields,DC=nhs,DC=uk"
TABLET16257,"CN=TABLET16257,OU=Laptops,DC=moorfields,DC=nhs,DC=uk"
NB16258,"CN=NB16258,OU=Laptops,DC=moorfields,DC=nhs,DC=uk"
TABLET16247,"CN=TABLET16247,OU=Laptops,DC=moorfields,DC=nhs,DC=uk"
NB16566,"CN=NB16566,OU=Laptops,DC=moorfields,DC=nhs,DC=uk"
NB16746,"CN=NB16746,OU=Laptops,DC=moorfields,DC=nhs,DC=uk"
NB16747,"CN=NB16747,OU=Laptops,DC=moorfields,DC=nhs,DC=uk"
NB16560,"CN=NB16560,OU=Laptops,DC=moorfields,DC=nhs,DC=uk"
NB16798,"CN=NB16798,OU=Laptops,DC=moorfields,DC=nhs,DC=uk"
NB14992,"CN=NB14992,OU=Laptops,DC=moorfields,DC=nhs,DC=uk"
M015363,"CN=M015363,CN=Computers,DC=moorfields,DC=nhs,DC=uk"
M015577,"CN=M015577,CN=Computers,DC=moorfields,DC=nhs,DC=uk"
NB16811,"CN=NB16811,OU=Laptops,DC=moorfields,DC=nhs,DC=uk"
NB16845,"CN=NB16845,OU=Laptops,DC=moorfields,DC=nhs,DC=uk"
NB16870,"CN=NB16870,OU=Laptops,DC=moorfields,DC=nhs,DC=uk"
NB16871,"CN=NB16871,OU=Laptops,DC=moorfields,DC=nhs,DC=uk"
NB16872,"CN=NB16872,OU=Laptops,DC=moorfields,DC=nhs,DC=uk"
NB16874,"CN=NB16874,OU=Laptops,DC=moorfields,DC=nhs,DC=uk"
NB16877,"CN=NB16877,OU=Laptops,DC=moorfields,DC=nhs,DC=uk"
NB16873,"CN=NB16873,OU=Laptops,DC=moorfields,DC=nhs,DC=uk"
NB16879,"CN=NB16879,OU=Laptops,DC=moorfields,DC=nhs,DC=uk"
NB16881,"CN=NB16881,OU=Laptops,DC=moorfields,DC=nhs,DC=uk"
NB16882,"CN=NB16882,OU=Laptops,DC=moorfields,DC=nhs,DC=uk"
NB16883,"CN=NB16883,OU=Laptops,DC=moorfields,DC=nhs,DC=uk"
NB16885,"CN=NB16885,OU=Laptops,DC=moorfields,DC=nhs,DC=uk"
NB16893,"CN=NB16893,OU=Laptops,DC=moorfields,DC=nhs,DC=uk"
NB16887,"CN=NB16887,OU=Laptops,DC=moorfields,DC=nhs,DC=uk"
NB16889,"CN=NB16889,OU=Laptops,DC=moorfields,DC=nhs,DC=uk"
NB16888,"CN=NB16888,OU=Laptops,DC=moorfields,DC=nhs,DC=uk"
NB16891,"CN=NB16891,OU=Laptops,DC=moorfields,DC=nhs,DC=uk"
NB16890,"CN=NB16890,OU=Laptops,DC=moorfields,DC=nhs,DC=uk"
NB16899,"CN=NB16899,OU=Laptops,DC=moorfields,DC=nhs,DC=uk"
NB16897,"CN=NB16897,OU=Laptops,DC=moorfields,DC=nhs,DC=uk"
NB16895,"CN=NB16895,OU=Laptops,DC=moorfields,DC=nhs,DC=uk"
NB16908,"CN=NB16908,OU=Laptops,DC=moorfields,DC=nhs,DC=uk"
NB16905,"CN=NB16905,OU=Laptops,DC=moorfields,DC=nhs,DC=uk"
NB16906,"CN=NB16906,OU=Laptops,DC=moorfields,DC=nhs,DC=uk"
NB16907,"CN=NB16907,OU=Laptops,DC=moorfields,DC=nhs,DC=uk"
NB16903,"CN=NB16903,OU=FortiClient-Admin,OU=Laptops,DC=moorfields,DC=nhs,DC=uk"
NB16902,"CN=NB16902,OU=Laptops,DC=moorfields,DC=nhs,DC=uk"
NB16912,"CN=NB16912,OU=Laptops,DC=moorfields,DC=nhs,DC=uk"
NB16909,"CN=NB16909,OU=Laptops,DC=moorfields,DC=nhs,DC=uk"
NB16910,"CN=NB16910,OU=Laptops,DC=moorfields,DC=nhs,DC=uk"
NB16911,"CN=NB16911,OU=Laptops,DC=moorfields,DC=nhs,DC=uk"
NB16916,"CN=NB16916,OU=Laptops,DC=moorfields,DC=nhs,DC=uk"
NB16915,"CN=NB16915,OU=Laptops,DC=moorfields,DC=nhs,DC=uk"
TABLET16920,"CN=TABLET16920,OU=Laptops,DC=moorfields,DC=nhs,DC=uk"
NB16849,"CN=NB16849,OU=Laptops,DC=moorfields,DC=nhs,DC=uk"
NB16847,"CN=NB16847,OU=FortiClient-Admin,OU=Laptops,DC=moorfields,DC=nhs,DC=uk"
TABLET16922,"CN=TABLET16922,OU=Laptops,DC=moorfields,DC=nhs,DC=uk"
NB12473,"CN=NB12473,OU=Laptops,DC=moorfields,DC=nhs,DC=uk"
NB12814,"CN=NB12814,OU=Laptops,DC=moorfields,DC=nhs,DC=uk"
NOTEBOOK11562,"CN=NOTEBOOK11562,OU=Laptops,DC=moorfields,DC=nhs,DC=uk"
NB17019,"CN=NB17019,OU=Laptops,DC=moorfields,DC=nhs,DC=uk"
NB11404,"CN=NB11404,OU=Laptops,DC=moorfields,DC=nhs,DC=uk"
NB17152,"CN=NB17152,OU=Laptops,DC=moorfields,DC=nhs,DC=uk"
NB13267,"CN=NB13267,OU=Laptops,DC=moorfields,DC=nhs,DC=uk"
NB14935,"CN=NB14935,OU=Laptops,DC=moorfields,DC=nhs,DC=uk"
NB17154,"CN=NB17154,OU=Laptops,DC=moorfields,DC=nhs,DC=uk"
NB17156,"CN=NB17156,OU=Laptops,DC=moorfields,DC=nhs,DC=uk"
NB17155,"CN=NB17155,OU=Laptops,DC=moorfields,DC=nhs,DC=uk"
NB17150,"CN=NB17150,OU=Laptops,DC=moorfields,DC=nhs,DC=uk"
NB11502,"CN=NB11502,OU=Laptops,DC=moorfields,DC=nhs,DC=uk"
NB15705,"CN=NB15705,OU=Laptops,DC=moorfields,DC=nhs,DC=uk"
M017101,"CN=M017101,CN=Computers,DC=moorfields,DC=nhs,DC=uk"
NB15707,"CN=NB15707,OU=Laptops,DC=moorfields,DC=nhs,DC=uk"
NB15706,"CN=NB15706,OU=Laptops,DC=moorfields,DC=nhs,DC=uk"
NB17110,"CN=NB17110,OU=Laptops,DC=moorfields,DC=nhs,DC=uk"
NB16878,"CN=NB16878,OU=Laptops,DC=moorfields,DC=nhs,DC=uk"
NB17109,"CN=NB17109,OU=Laptops,DC=moorfields,DC=nhs,DC=uk"
NB17108,"CN=NB17108,OU=Laptops,DC=moorfields,DC=nhs,DC=uk"
NB16892,"CN=NB16892,OU=Laptops,DC=moorfields,DC=nhs,DC=uk"
NB17122,"CN=NB17122,OU=Laptops,DC=moorfields,DC=nhs,DC=uk"
NB12500,"CN=NB12500,OU=Laptops,DC=moorfields,DC=nhs,DC=uk"
NB17296,"CN=NB17296,OU=Laptops,DC=moorfields,DC=nhs,DC=uk"
NB16876,"CN=NB16876,OU=Laptops,DC=moorfields,DC=nhs,DC=uk"
NB17299,"CN=NB17299,OU=Laptops,DC=moorfields,DC=nhs,DC=uk"
M016693,"CN=M016693,CN=Computers,DC=moorfields,DC=nhs,DC=uk"
NB015290,"CN=NB015290,OU=Laptops,DC=moorfields,DC=nhs,DC=uk"
NB17330,"CN=NB17330,OU=Laptops,DC=moorfields,DC=nhs,DC=uk"
NB15294,"CN=NB15294,OU=Laptops,DC=moorfields,DC=nhs,DC=uk"
NB17333,"CN=NB17333,OU=Laptops,DC=moorfields,DC=nhs,DC=uk"
NB17334,"CN=NB17334,OU=Laptops,DC=moorfields,DC=nhs,DC=uk"
NB16532,"CN=NB16532,OU=Laptops,DC=moorfields,DC=nhs,DC=uk"
NB16536,"CN=NB16536,OU=Laptops,DC=moorfields,DC=nhs,DC=uk"
NB16537,"CN=NB16537,OU=Laptops,DC=moorfields,DC=nhs,DC=uk"
NB17618,"CN=NB17618,OU=FortiClient-Admin,OU=Laptops,DC=moorfields,DC=nhs,DC=uk"
NB17337,"CN=NB17337,OU=Laptops,DC=moorfields,DC=nhs,DC=uk"
NB17670,"CN=NB17670,OU=Laptops,DC=moorfields,DC=nhs,DC=uk"
NB17335,"CN=NB17335,OU=Laptops,DC=moorfields,DC=nhs,DC=uk"
NB17680,"CN=NB17680,OU=Laptops,DC=moorfields,DC=nhs,DC=uk"
NB17640,"CN=NB17640,OU=Laptops,DC=moorfields,DC=nhs,DC=uk"
NB17681,"CN=NB17681,OU=Laptops,DC=moorfields,DC=nhs,DC=uk"
NB17645,"CN=NB17645,OU=Laptops,DC=moorfields,DC=nhs,DC=uk"
NB12163,"CN=NB12163,OU=Laptops,DC=moorfields,DC=nhs,DC=uk"
NB17648,"CN=NB17648,OU=Laptops,DC=moorfields,DC=nhs,DC=uk"
NB17617,"CN=NB17617,OU=Laptops,DC=moorfields,DC=nhs,DC=uk"
M017538,"CN=M017538,CN=Computers,DC=moorfields,DC=nhs,DC=uk"
NB17671,"CN=NB17671,OU=Laptops,DC=moorfields,DC=nhs,DC=uk"
NB16538,"CN=NB16538,OU=Laptops,DC=moorfields,DC=nhs,DC=uk"
M017432,"CN=M017432,CN=Computers,DC=moorfields,DC=nhs,DC=uk"
NB12408,"CN=NB12408,OU=Laptops,DC=moorfields,DC=nhs,DC=uk"
NB17683,"CN=NB17683,OU=Laptops,DC=moorfields,DC=nhs,DC=uk"
NB17684,"CN=NB17684,OU=Laptops,DC=moorfields,DC=nhs,DC=uk"
NB17685,"CN=NB17685,OU=Laptops,DC=moorfields,DC=nhs,DC=uk"
M017506,"CN=M017506,CN=Computers,DC=moorfields,DC=nhs,DC=uk"
NB12677,"CN=NB12677,OU=Laptops,DC=moorfields,DC=nhs,DC=uk"
NB17327,"CN=NB17327,OU=Laptops,DC=moorfields,DC=nhs,DC=uk"
NB14980,"CN=NB14980,OU=Laptops,DC=moorfields,DC=nhs,DC=uk"
NB12821,"CN=NB12821,OU=Laptops,DC=moorfields,DC=nhs,DC=uk"
M017596,"CN=M017596,CN=Computers,DC=moorfields,DC=nhs,DC=uk"
M017576,"CN=M017576,OU=Laptops,DC=moorfields,DC=nhs,DC=uk"
M017577,"CN=M017577,OU=Laptops,DC=moorfields,DC=nhs,DC=uk"
NB17851,"CN=NB17851,OU=Laptops,DC=moorfields,DC=nhs,DC=uk"
NB17852,"CN=NB17852,OU=Laptops,DC=moorfields,DC=nhs,DC=uk"
NB17854,"CN=NB17854,OU=Laptops,DC=moorfields,DC=nhs,DC=uk"
NBK17013,"CN=NBK17013,OU=Laptops,DC=moorfields,DC=nhs,DC=uk"
NB11772,"CN=NB11772,OU=Laptops,DC=moorfields,DC=nhs,DC=uk"
NB15890,"CN=NB15890,OU=Laptops,DC=moorfields,DC=nhs,DC=uk"
NB14510,"CN=NB14510,OU=Laptops,DC=moorfields,DC=nhs,DC=uk"
NB17847,"CN=NB17847,OU=Laptops,DC=moorfields,DC=nhs,DC=uk"
NB17848,"CN=NB17848,OU=Laptops,DC=moorfields,DC=nhs,DC=uk"
NB17849,"CN=NB17849,OU=Laptops,DC=moorfields,DC=nhs,DC=uk"
NB17886,"CN=NB17886,OU=Laptops,DC=moorfields,DC=nhs,DC=uk"
NB17887,"CN=NB17887,OU=Laptops,DC=moorfields,DC=nhs,DC=uk"
NB17885,"CN=NB17885,OU=Laptops,DC=moorfields,DC=nhs,DC=uk"
NB17884,"CN=NB17884,OU=Laptops,DC=moorfields,DC=nhs,DC=uk"
NB17892,"CN=NB17892,OU=Laptops,DC=moorfields,DC=nhs,DC=uk"
NB17894,"CN=NB17894,OU=Laptops,DC=moorfields,DC=nhs,DC=uk"
NB17895,"CN=NB17895,OU=Laptops,DC=moorfields,DC=nhs,DC=uk"
NB17896,"CN=NB17896,OU=Laptops,DC=moorfields,DC=nhs,DC=uk"
NB17897,"CN=NB17897,OU=Laptops,DC=moorfields,DC=nhs,DC=uk"
NB17902,"CN=NB17902,OU=Laptops,DC=moorfields,DC=nhs,DC=uk"
NB17900,"CN=NB17900,OU=Laptops,DC=moorfields,DC=nhs,DC=uk"
NB17903,"CN=NB17903,OU=Laptops,DC=moorfields,DC=nhs,DC=uk"
NB17914,"CN=NB17914,OU=Laptops,DC=moorfields,DC=nhs,DC=uk"
NB17913,"CN=NB17913,OU=Laptops,DC=moorfields,DC=nhs,DC=uk"
NB17917,"CN=NB17917,OU=Laptops,DC=moorfields,DC=nhs,DC=uk"
NB17987,"CN=NB17987,OU=Laptops,DC=moorfields,DC=nhs,DC=uk"
NB17646,"CN=NB17646,OU=Laptops,DC=moorfields,DC=nhs,DC=uk"
NB17615,"CN=NB17615,OU=Laptops,DC=moorfields,DC=nhs,DC=uk"
NB17614,"CN=NB17614,OU=Laptops,DC=moorfields,DC=nhs,DC=uk"
NB17616,"CN=NB17616,OU=Laptops,DC=moorfields,DC=nhs,DC=uk"
NB17612,"CN=NB17612,OU=Laptops,DC=moorfields,DC=nhs,DC=uk"
NB17610,"CN=NB17610,OU=Laptops,DC=moorfields,DC=nhs,DC=uk"
NB17641,"CN=NB17641,OU=Laptops,DC=moorfields,DC=nhs,DC=uk"
NB17649,"CN=NB17649,OU=Laptops,DC=moorfields,DC=nhs,DC=uk"
NB17611,"CN=NB17611,OU=Laptops,DC=moorfields,DC=nhs,DC=uk"
NB17989,"CN=NB17989,OU=Laptops,DC=moorfields,DC=nhs,DC=uk"
NB18503,"CN=NB18503,OU=Laptops,DC=moorfields,DC=nhs,DC=uk"
NB18504,"CN=NB18504,OU=Laptops,DC=moorfields,DC=nhs,DC=uk"
NB18509,"CN=NB18509,OU=Laptops,DC=moorfields,DC=nhs,DC=uk"
NB18561,"CN=NB18561,OU=Laptops,DC=moorfields,DC=nhs,DC=uk"
NB18560,"CN=NB18560,OU=Laptops,DC=moorfields,DC=nhs,DC=uk"
NB17644,"CN=NB17644,OU=Laptops,DC=moorfields,DC=nhs,DC=uk"
NB17647,"CN=NB17647,OU=Laptops,DC=moorfields,DC=nhs,DC=uk"
NB18565,"CN=NB18565,OU=Laptops,DC=moorfields,DC=nhs,DC=uk"
NB17651,"CN=NB17651,OU=Laptops,DC=moorfields,DC=nhs,DC=uk"
TABLET18798,"CN=TABLET18798,OU=Laptops,DC=moorfields,DC=nhs,DC=uk"
NB12859,"CN=NB12859,OU=Laptops,DC=moorfields,DC=nhs,DC=uk"
NB18102,"CN=NB18102,OU=Laptops,DC=moorfields,DC=nhs,DC=uk"
NB18101,"CN=NB18101,OU=Laptops,DC=moorfields,DC=nhs,DC=uk"
NB18103,"CN=NB18103,OU=Laptops,DC=moorfields,DC=nhs,DC=uk"
NB18105,"CN=NB18105,OU=Laptops,DC=moorfields,DC=nhs,DC=uk"
NB18112,"CN=NB18112,OU=Laptops,DC=moorfields,DC=nhs,DC=uk"
NB18113,"CN=NB18113,OU=Laptops,DC=moorfields,DC=nhs,DC=uk"
NB18114,"CN=NB18114,OU=Laptops,DC=moorfields,DC=nhs,DC=uk"
NB18120,"CN=NB18120,OU=Laptops,DC=moorfields,DC=nhs,DC=uk"
NB18109,"CN=NB18109,OU=Laptops,DC=moorfields,DC=nhs,DC=uk"
NB18107,"CN=NB18107,OU=Laptops,DC=moorfields,DC=nhs,DC=uk"
NB18116,"CN=NB18116,OU=Laptops,DC=moorfields,DC=nhs,DC=uk"
NB18117,"CN=NB18117,OU=Laptops,DC=moorfields,DC=nhs,DC=uk"
NB18119,"CN=NB18119,OU=Laptops,DC=moorfields,DC=nhs,DC=uk"
NB18122,"CN=NB18122,OU=Laptops,DC=moorfields,DC=nhs,DC=uk"
NB18124,"CN=NB18124,OU=Laptops,DC=moorfields,DC=nhs,DC=uk"
NB18123,"CN=NB18123,OU=Laptops,DC=moorfields,DC=nhs,DC=uk"
NB18125,"CN=NB18125,OU=Laptops,DC=moorfields,DC=nhs,DC=uk"
NB18128,"CN=NB18128,OU=Laptops,DC=moorfields,DC=nhs,DC=uk"
NB18129,"CN=NB18129,OU=Laptops,DC=moorfields,DC=nhs,DC=uk"
NB18130,"CN=NB18130,OU=Laptops,DC=moorfields,DC=nhs,DC=uk"
NB18132,"CN=NB18132,OU=Laptops,DC=moorfields,DC=nhs,DC=uk"
NB18131,"CN=NB18131,OU=Laptops,DC=moorfields,DC=nhs,DC=uk"
NB18135,"CN=NB18135,OU=Laptops,DC=moorfields,DC=nhs,DC=uk"
NB18136,"CN=NB18136,OU=Laptops,DC=moorfields,DC=nhs,DC=uk"
NB18431,"CN=NB18431,OU=Laptops,DC=moorfields,DC=nhs,DC=uk"
NB18137,"CN=NB18137,OU=Laptops,DC=moorfields,DC=nhs,DC=uk"
NB19400,"CN=NB19400,OU=FortiClient-Test,OU=Laptops,DC=moorfields,DC=nhs,DC=uk"
NB19402,"CN=NB19402,OU=Laptops,DC=moorfields,DC=nhs,DC=uk"
NB19401,"CN=NB19401,OU=Laptops,DC=moorfields,DC=nhs,DC=uk"
NB18433,"CN=NB18433,OU=Laptops,DC=moorfields,DC=nhs,DC=uk"
NB18432,"CN=NB18432,OU=Laptops,DC=moorfields,DC=nhs,DC=uk"
NB19420,"CN=NB19420,OU=Laptops,DC=moorfields,DC=nhs,DC=uk"
NB19423,"CN=NB19423,OU=Laptops,DC=moorfields,DC=nhs,DC=uk"
NB12708,"CN=NB12708,OU=Laptops,DC=moorfields,DC=nhs,DC=uk"
NB19422,"CN=NB19422,OU=Laptops,DC=moorfields,DC=nhs,DC=uk"
NB18140,"CN=NB18140,OU=Laptops,DC=moorfields,DC=nhs,DC=uk"
NB18141,"CN=NB18141,OU=Laptops,DC=moorfields,DC=nhs,DC=uk"
NB18434,"CN=NB18434,OU=Laptops,DC=moorfields,DC=nhs,DC=uk"
NB18435,"CN=NB18435,OU=Laptops,DC=moorfields,DC=nhs,DC=uk"
NB19425,"CN=NB19425,OU=Laptops,DC=moorfields,DC=nhs,DC=uk"
NB19426,"CN=NB19426,OU=Laptops,DC=moorfields,DC=nhs,DC=uk"
NB19424,"CN=NB19424,OU=Laptops,DC=moorfields,DC=nhs,DC=uk"
NB18438,"CN=NB18438,OU=Laptops,DC=moorfields,DC=nhs,DC=uk"
NB19407,"CN=NB19407,OU=Laptops,DC=moorfields,DC=nhs,DC=uk"
NB19405,"CN=NB19405,OU=Laptops,DC=moorfields,DC=nhs,DC=uk"
NB18142,"CN=NB18142,OU=Laptops,DC=moorfields,DC=nhs,DC=uk"
NB18439,"CN=NB18439,OU=Laptops,DC=moorfields,DC=nhs,DC=uk"
NB19264,"CN=NB19264,OU=Laptops,DC=moorfields,DC=nhs,DC=uk"
NB18144,"CN=NB18144,OU=Laptops,DC=moorfields,DC=nhs,DC=uk"
NB19266,"CN=NB19266,OU=Laptops,DC=moorfields,DC=nhs,DC=uk"
NB19267,"CN=NB19267,OU=Laptops,DC=moorfields,DC=nhs,DC=uk"
NB19269,"CN=NB19269,OU=Laptops,DC=moorfields,DC=nhs,DC=uk"
NB18145,"CN=NB18145,OU=Laptops,DC=moorfields,DC=nhs,DC=uk"
NB19430,"CN=NB19430,OU=Laptops,DC=moorfields,DC=nhs,DC=uk"
NB19432,"CN=NB19432,OU=Laptops,DC=moorfields,DC=nhs,DC=uk"
NB18146,"CN=NB18146,OU=Laptops,DC=moorfields,DC=nhs,DC=uk"
NB19433,"CN=NB19433,OU=Laptops,DC=moorfields,DC=nhs,DC=uk"
NB18147,"CN=NB18147,OU=Laptops,DC=moorfields,DC=nhs,DC=uk"
NB18148,"CN=NB18148,OU=Laptops,DC=moorfields,DC=nhs,DC=uk"
NB19436,"CN=NB19436,OU=Laptops,DC=moorfields,DC=nhs,DC=uk"
NB18470,"CN=NB18470,OU=Laptops,DC=moorfields,DC=nhs,DC=uk"
NB19437,"CN=NB19437,OU=Laptops,DC=moorfields,DC=nhs,DC=uk"
NB18471,"CN=NB18471,OU=Laptops,DC=moorfields,DC=nhs,DC=uk"
NB18472,"CN=NB18472,OU=Laptops,DC=moorfields,DC=nhs,DC=uk"
NB19440,"CN=NB19440,OU=Laptops,DC=moorfields,DC=nhs,DC=uk"
NB19441,"CN=NB19441,OU=Laptops,DC=moorfields,DC=nhs,DC=uk"
NB19443,"CN=NB19443,OU=Laptops,DC=moorfields,DC=nhs,DC=uk"
NB18444,"CN=NB18444,OU=Laptops,DC=moorfields,DC=nhs,DC=uk"
NB18442,"CN=NB18442,OU=Laptops,DC=moorfields,DC=nhs,DC=uk"
NB19438,"CN=NB19438,OU=Laptops,DC=moorfields,DC=nhs,DC=uk"
NB19445,"CN=NB19445,OU=Laptops,DC=moorfields,DC=nhs,DC=uk"
NB19446,"CN=NB19446,OU=Laptops,DC=moorfields,DC=nhs,DC=uk"
NB18445,"CN=NB18445,OU=Laptops,DC=moorfields,DC=nhs,DC=uk"
NB18448,"CN=NB18448,OU=Laptops,DC=moorfields,DC=nhs,DC=uk"
NB19449,"CN=NB19449,OU=Laptops,DC=moorfields,DC=nhs,DC=uk"
NB18474,"CN=NB18474,OU=Laptops,DC=moorfields,DC=nhs,DC=uk"
NB18475,"CN=NB18475,OU=Laptops,DC=moorfields,DC=nhs,DC=uk"
NB18476,"CN=NB18476,OU=Laptops,DC=moorfields,DC=nhs,DC=uk"
NB18477,"CN=NB18477,OU=Laptops,DC=moorfields,DC=nhs,DC=uk"
NB18491,"CN=NB18491,OU=Laptops,DC=moorfields,DC=nhs,DC=uk"
NB18492,"CN=NB18492,OU=Laptops,DC=moorfields,DC=nhs,DC=uk"
NB18484,"CN=NB18484,OU=Laptops,DC=moorfields,DC=nhs,DC=uk"
NB18483,"CN=NB18483,OU=Laptops,DC=moorfields,DC=nhs,DC=uk"
NB18485,"CN=NB18485,OU=Laptops,DC=moorfields,DC=nhs,DC=uk"
NB18478,"CN=NB18478,OU=Laptops,DC=moorfields,DC=nhs,DC=uk"
NB18479,"CN=NB18479,OU=Laptops,DC=moorfields,DC=nhs,DC=uk"
NB18493,"CN=NB18493,OU=Laptops,DC=moorfields,DC=nhs,DC=uk"
NB18494,"CN=NB18494,OU=Laptops,DC=moorfields,DC=nhs,DC=uk"
NB18451,"CN=NB18451,OU=Laptops,DC=moorfields,DC=nhs,DC=uk"
NB18452,"CN=NB18452,OU=Laptops,DC=moorfields,DC=nhs,DC=uk"
NB18450,"CN=NB18450,OU=Laptops,DC=moorfields,DC=nhs,DC=uk"
NB18487,"CN=NB18487,OU=Laptops,DC=moorfields,DC=nhs,DC=uk"
NB12900,"CN=NB12900,OU=Laptops,DC=moorfields,DC=nhs,DC=uk"
NB18496,"CN=NB18496,OU=Laptops,DC=moorfields,DC=nhs,DC=uk"
NB18499,"CN=NB18499,OU=Laptops,DC=moorfields,DC=nhs,DC=uk"
NB19450,"CN=NB19450,OU=Laptops,DC=moorfields,DC=nhs,DC=uk"
NB19638,"CN=NB19638,OU=Laptops,DC=moorfields,DC=nhs,DC=uk"
TABLET19639,"CN=TABLET19639,OU=Laptops,DC=moorfields,DC=nhs,DC=uk"
M12773,"CN=M12773,CN=Computers,DC=moorfields,DC=nhs,DC=uk"
NB19676,"CN=NB19676,OU=Laptops,DC=moorfields,DC=nhs,DC=uk"
NB19852,"CN=NB19852,OU=Laptops,DC=moorfields,DC=nhs,DC=uk"
NB19854,"CN=NB19854,OU=Laptops,DC=moorfields,DC=nhs,DC=uk"
NB19853,"CN=NB19853,OU=Laptops,DC=moorfields,DC=nhs,DC=uk"
NB19855,"CN=NB19855,OU=Laptops,DC=moorfields,DC=nhs,DC=uk"
NB19863,"CN=NB19863,OU=Laptops,DC=moorfields,DC=nhs,DC=uk"
NB19856,"CN=NB19856,OU=Laptops,DC=moorfields,DC=nhs,DC=uk"
NB19857,"CN=NB19857,OU=Laptops,DC=moorfields,DC=nhs,DC=uk"
NB19858,"CN=NB19858,OU=Laptops,DC=moorfields,DC=nhs,DC=uk"
NB19864,"CN=NB19864,OU=Laptops,DC=moorfields,DC=nhs,DC=uk"
NB19859,"CN=NB19859,OU=Laptops,DC=moorfields,DC=nhs,DC=uk"
NB19871,"CN=NB19871,OU=Laptops,DC=moorfields,DC=nhs,DC=uk"
NB19872,"CN=NB19872,OU=Laptops,DC=moorfields,DC=nhs,DC=uk"
NB19873,"CN=NB19873,OU=Laptops,DC=moorfields,DC=nhs,DC=uk"
NB19875,"CN=NB19875,OU=Laptops,DC=moorfields,DC=nhs,DC=uk"
NB19876,"CN=NB19876,OU=Laptops,DC=moorfields,DC=nhs,DC=uk"
NB19881,"CN=NB19881,OU=Laptops,DC=moorfields,DC=nhs,DC=uk"
NB19886,"CN=NB19886,OU=Laptops,DC=moorfields,DC=nhs,DC=uk"
NB19887,"CN=NB19887,OU=Laptops,DC=moorfields,DC=nhs,DC=uk"
NB19888,"CN=NB19888,OU=Laptops,DC=moorfields,DC=nhs,DC=uk"
NB19889,"CN=NB19889,OU=Laptops,DC=moorfields,DC=nhs,DC=uk"
NB19891,"CN=NB19891,OU=Laptops,DC=moorfields,DC=nhs,DC=uk"
NB19900,"CN=NB19900,OU=Laptops,DC=moorfields,DC=nhs,DC=uk"
NB19893,"CN=NB19893,OU=Laptops,DC=moorfields,DC=nhs,DC=uk"
NB19895,"CN=NB19895,OU=Laptops,DC=moorfields,DC=nhs,DC=uk"
NB19896,"CN=NB19896,OU=Laptops,DC=moorfields,DC=nhs,DC=uk"
NB18648,"CN=NB18648,OU=Laptops,DC=moorfields,DC=nhs,DC=uk"
NBK12897,"CN=NBK12897,OU=Laptops,DC=moorfields,DC=nhs,DC=uk"
NB18649,"CN=NB18649,OU=Laptops,DC=moorfields,DC=nhs,DC=uk"
NB19898,"CN=NB19898,OU=Laptops,DC=moorfields,DC=nhs,DC=uk"
NB19911,"CN=NB19911,OU=Laptops,DC=moorfields,DC=nhs,DC=uk"
NB19912,"CN=NB19912,OU=Laptops,DC=moorfields,DC=nhs,DC=uk"
NB19913,"CN=NB19913,OU=Laptops,DC=moorfields,DC=nhs,DC=uk"
NB19919,"CN=NB19919,OU=Laptops,DC=moorfields,DC=nhs,DC=uk"
M019990,"CN=M019990,CN=Computers,DC=moorfields,DC=nhs,DC=uk"
NB19969,"CN=NB19969,OU=Laptops,DC=moorfields,DC=nhs,DC=uk"
NB19994,"CN=NB19994,OU=Laptops,DC=moorfields,DC=nhs,DC=uk"
NB19995,"CN=NB19995,OU=Laptops,DC=moorfields,DC=nhs,DC=uk"
NB19998,"CN=NB19998,OU=Laptops,DC=moorfields,DC=nhs,DC=uk"
NB19951,"CN=NB19951,OU=Laptops,DC=moorfields,DC=nhs,DC=uk"
NB19952,"CN=NB19952,OU=Laptops,DC=moorfields,DC=nhs,DC=uk"
NBK19265,"CN=NBK19265,OU=FortiClient-Admin,OU=Laptops,DC=moorfields,DC=nhs,DC=uk"
NB17755,"CN=NB17755,OU=Laptops,DC=moorfields,DC=nhs,DC=uk"
NB17756,"CN=NB17756,OU=Laptops,DC=moorfields,DC=nhs,DC=uk"
NB20034,"CN=NB20034,OU=Laptops,DC=moorfields,DC=nhs,DC=uk"
NB20035,"CN=NB20035,OU=Laptops,DC=moorfields,DC=nhs,DC=uk"
NB20037,"CN=NB20037,OU=Laptops,DC=moorfields,DC=nhs,DC=uk"
NB20021,"CN=NB20021,OU=Laptops,DC=moorfields,DC=nhs,DC=uk"
NB20028,"CN=NB20028,OU=Laptops,DC=moorfields,DC=nhs,DC=uk"
NB20029,"CN=NB20029,OU=Laptops,DC=moorfields,DC=nhs,DC=uk"
NB20064,"CN=NB20064,OU=Laptops,DC=moorfields,DC=nhs,DC=uk"
NB20069,"CN=NB20069,OU=Laptops,DC=moorfields,DC=nhs,DC=uk"
NB20072,"CN=NB20072,OU=Laptops,DC=moorfields,DC=nhs,DC=uk"
NB20146,"CN=NB20146,OU=Laptops,DC=moorfields,DC=nhs,DC=uk"
NB20149,"CN=NB20149,OU=Laptops,DC=moorfields,DC=nhs,DC=uk"
NB20150,"CN=NB20150,OU=Laptops,DC=moorfields,DC=nhs,DC=uk"
NB19427,"CN=NB19427,OU=Laptops,DC=moorfields,DC=nhs,DC=uk"
NB17336,"CN=NB17336,OU=Laptops,DC=moorfields,DC=nhs,DC=uk"
NB17613,"CN=NB17613,OU=Laptops,DC=moorfields,DC=nhs,DC=uk"
NB13681,"CN=NB13681,OU=Laptops,DC=moorfields,DC=nhs,DC=uk"
NBK14943,"CN=NBK14943,OU=Laptops,DC=moorfields,DC=nhs,DC=uk"
NB20206,"CN=NB20206,OU=Laptops,DC=moorfields,DC=nhs,DC=uk"
NB20207,"CN=NB20207,OU=Laptops,DC=moorfields,DC=nhs,DC=uk"
NB20208,"CN=NB20208,OU=Laptops,DC=moorfields,DC=nhs,DC=uk"
NB20154,"CN=NB20154,OU=Laptops,DC=moorfields,DC=nhs,DC=uk"
NB20226,"CN=NB20226,OU=Laptops,DC=moorfields,DC=nhs,DC=uk"
NB20156,"CN=NB20156,OU=Laptops,DC=moorfields,DC=nhs,DC=uk"
NB20227,"CN=NB20227,OU=Laptops,DC=moorfields,DC=nhs,DC=uk"
NB20158,"CN=NB20158,OU=Laptops,DC=moorfields,DC=nhs,DC=uk"
NB20159,"CN=NB20159,OU=Laptops,DC=moorfields,DC=nhs,DC=uk"
NB20161,"CN=NB20161,OU=Laptops,DC=moorfields,DC=nhs,DC=uk"
NB20162,"CN=NB20162,OU=Laptops,DC=moorfields,DC=nhs,DC=uk"
NB20164,"CN=NB20164,OU=Laptops,DC=moorfields,DC=nhs,DC=uk"
NB20165,"CN=NB20165,OU=Laptops,DC=moorfields,DC=nhs,DC=uk"
NB17642,"CN=NB17642,OU=Laptops,DC=moorfields,DC=nhs,DC=uk"
NB20166,"CN=NB20166,OU=Laptops,DC=moorfields,DC=nhs,DC=uk"
NB15741,"CN=NB15741,OU=Laptops,DC=moorfields,DC=nhs,DC=uk"
NB20228,"CN=NB20228,OU=Laptops,DC=moorfields,DC=nhs,DC=uk"
NB20229,"CN=NB20229,OU=Laptops,DC=moorfields,DC=nhs,DC=uk"
NB13727,"CN=NB13727,OU=Laptops,DC=moorfields,DC=nhs,DC=uk"
NB20234,"CN=NB20234,OU=Laptops,DC=moorfields,DC=nhs,DC=uk"
NB20235,"CN=NB20235,OU=Laptops,DC=moorfields,DC=nhs,DC=uk"
NB20236,"CN=NB20236,OU=Laptops,DC=moorfields,DC=nhs,DC=uk"
NB20237,"CN=NB20237,OU=Laptops,DC=moorfields,DC=nhs,DC=uk"
NB20239,"CN=NB20239,OU=Laptops,DC=moorfields,DC=nhs,DC=uk"
NB20242,"CN=NB20242,OU=Laptops,DC=moorfields,DC=nhs,DC=uk"
TB20253,"CN=TB20253,OU=Laptops,DC=moorfields,DC=nhs,DC=uk"
NB20203,"CN=NB20203,OU=Laptops,DC=moorfields,DC=nhs,DC=uk"
NB20202,"CN=NB20202,OU=Laptops,DC=moorfields,DC=nhs,DC=uk"
NB20200,"CN=NB20200,OU=Laptops,DC=moorfields,DC=nhs,DC=uk"
NB20198,"CN=NB20198,OU=Laptops,DC=moorfields,DC=nhs,DC=uk"
NB20199,"CN=NB20199,OU=Laptops,DC=moorfields,DC=nhs,DC=uk"
NB20192,"CN=NB20192,OU=Laptops,DC=moorfields,DC=nhs,DC=uk"
NB20193,"CN=NB20193,OU=Laptops,DC=moorfields,DC=nhs,DC=uk"
NB20194,"CN=NB20194,OU=Laptops,DC=moorfields,DC=nhs,DC=uk"
NB20195,"CN=NB20195,OU=Laptops,DC=moorfields,DC=nhs,DC=uk"
NB20197,"CN=NB20197,OU=Laptops,DC=moorfields,DC=nhs,DC=uk"
NB20179,"CN=NB20179,OU=Laptops,DC=moorfields,DC=nhs,DC=uk"
NB20180,"CN=NB20180,OU=Laptops,DC=moorfields,DC=nhs,DC=uk"
NB20182,"CN=NB20182,OU=Laptops,DC=moorfields,DC=nhs,DC=uk"
NB20181,"CN=NB20181,OU=Laptops,DC=moorfields,DC=nhs,DC=uk"
NB20183,"CN=NB20183,OU=Laptops,DC=moorfields,DC=nhs,DC=uk"
NB20184,"CN=NB20184,OU=Laptops,DC=moorfields,DC=nhs,DC=uk"
NB20186,"CN=NB20186,OU=Laptops,DC=moorfields,DC=nhs,DC=uk"
NB20185,"CN=NB20185,OU=Laptops,DC=moorfields,DC=nhs,DC=uk"
NB20188,"CN=NB20188,OU=Laptops,DC=moorfields,DC=nhs,DC=uk"
NB20187,"CN=NB20187,OU=Laptops,DC=moorfields,DC=nhs,DC=uk"
NB20190,"CN=NB20190,OU=Laptops,DC=moorfields,DC=nhs,DC=uk"
NB20448,"CN=NB20448,OU=Laptops,DC=moorfields,DC=nhs,DC=uk"
NB20449,"CN=NB20449,OU=Laptops,DC=moorfields,DC=nhs,DC=uk"
NB20451,"CN=NB20451,OU=Laptops,DC=moorfields,DC=nhs,DC=uk"
NB20450,"CN=NB20450,OU=Laptops,DC=moorfields,DC=nhs,DC=uk"
NB20452,"CN=NB20452,OU=Laptops,DC=moorfields,DC=nhs,DC=uk"
NB13807,"CN=NB13807,OU=Laptops,DC=moorfields,DC=nhs,DC=uk"
NB20232,"CN=NB20232,OU=Laptops,DC=moorfields,DC=nhs,DC=uk"
NB20495,"CN=NB20495,OU=Laptops,DC=moorfields,DC=nhs,DC=uk"
NB18127,"CN=NB18127,OU=Laptops,DC=moorfields,DC=nhs,DC=uk"
NB20526,"CN=NB20526,OU=Laptops,DC=moorfields,DC=nhs,DC=uk"
NB20527,"CN=NB20527,OU=Laptops,DC=moorfields,DC=nhs,DC=uk"
NB20529,"CN=NB20529,OU=Laptops,DC=moorfields,DC=nhs,DC=uk"
NB20531,"CN=NB20531,OU=Laptops,DC=moorfields,DC=nhs,DC=uk"
NB20532,"CN=NB20532,OU=Laptops,DC=moorfields,DC=nhs,DC=uk"
NB20544,"CN=NB20544,OU=Laptops,DC=moorfields,DC=nhs,DC=uk"
NB20543,"CN=NB20543,OU=Laptops,DC=moorfields,DC=nhs,DC=uk"
NB20648,"CN=NB20648,OU=Laptops,DC=moorfields,DC=nhs,DC=uk"
NB20549,"CN=NB20549,OU=Laptops,DC=moorfields,DC=nhs,DC=uk"
NB20563,"CN=NB20563,OU=Laptops,DC=moorfields,DC=nhs,DC=uk"
NB20582,"CN=NB20582,OU=Laptops,DC=moorfields,DC=nhs,DC=uk"
NB20585,"CN=NB20585,OU=Laptops,DC=moorfields,DC=nhs,DC=uk"
NB20581,"CN=NB20581,OU=Laptops,DC=moorfields,DC=nhs,DC=uk"
NB20561,"CN=NB20561,OU=Laptops,DC=moorfields,DC=nhs,DC=uk"
NB20560,"CN=NB20560,OU=Laptops,DC=moorfields,DC=nhs,DC=uk"
NB20558,"CN=NB20558,OU=Laptops,DC=moorfields,DC=nhs,DC=uk"
NB20583,"CN=NB20583,OU=Laptops,DC=moorfields,DC=nhs,DC=uk"
NB20579,"CN=NB20579,OU=Laptops,DC=moorfields,DC=nhs,DC=uk"
NB20588,"CN=NB20588,OU=Laptops,DC=moorfields,DC=nhs,DC=uk"
NB20587,"CN=NB20587,OU=Laptops,DC=moorfields,DC=nhs,DC=uk"
NB20586,"CN=NB20586,OU=Laptops,DC=moorfields,DC=nhs,DC=uk"
NB20590,"CN=NB20590,OU=Laptops,DC=moorfields,DC=nhs,DC=uk"
NB20591,"CN=NB20591,OU=Laptops,DC=moorfields,DC=nhs,DC=uk"
NB20592,"CN=NB20592,OU=Laptops,DC=moorfields,DC=nhs,DC=uk"
NB20589,"CN=NB20589,OU=Laptops,DC=moorfields,DC=nhs,DC=uk"
NB20580,"CN=NB20580,OU=Laptops,DC=moorfields,DC=nhs,DC=uk"
NB20584,"CN=NB20584,OU=Laptops,DC=moorfields,DC=nhs,DC=uk"
NB20594,"CN=NB20594,OU=Laptops,DC=moorfields,DC=nhs,DC=uk"
NB20599,"CN=NB20599,OU=Laptops,DC=moorfields,DC=nhs,DC=uk"
NB20598,"CN=NB20598,OU=Laptops,DC=moorfields,DC=nhs,DC=uk"
NB20601,"CN=NB20601,OU=Laptops,DC=moorfields,DC=nhs,DC=uk"
NB20596,"CN=NB20596,OU=Laptops,DC=moorfields,DC=nhs,DC=uk"
NB20593,"CN=NB20593,OU=Laptops,DC=moorfields,DC=nhs,DC=uk"
NB20597,"CN=NB20597,OU=Laptops,DC=moorfields,DC=nhs,DC=uk"
NB20603,"CN=NB20603,OU=Laptops,DC=moorfields,DC=nhs,DC=uk"
NB20602,"CN=NB20602,OU=Laptops,DC=moorfields,DC=nhs,DC=uk"
NB20605,"CN=NB20605,OU=Laptops,DC=moorfields,DC=nhs,DC=uk"
NB20604,"CN=NB20604,OU=Laptops,DC=moorfields,DC=nhs,DC=uk"
NB20606,"CN=NB20606,OU=Laptops,DC=moorfields,DC=nhs,DC=uk"
NB20611,"CN=NB20611,OU=Laptops,DC=moorfields,DC=nhs,DC=uk"
NB20608,"CN=NB20608,OU=Laptops,DC=moorfields,DC=nhs,DC=uk"
NB20609,"CN=NB20609,OU=Laptops,DC=moorfields,DC=nhs,DC=uk"
NB20610,"CN=NB20610,OU=Laptops,DC=moorfields,DC=nhs,DC=uk"
NB20612,"CN=NB20612,OU=Laptops,DC=moorfields,DC=nhs,DC=uk"
NB20565,"CN=NB20565,OU=Laptops,DC=moorfields,DC=nhs,DC=uk"
NB20157,"CN=NB20157,OU=Laptops,DC=moorfields,DC=nhs,DC=uk"
NB20564,"CN=NB20564,OU=Laptops,DC=moorfields,DC=nhs,DC=uk"
NB20613,"CN=NB20613,OU=Laptops,DC=moorfields,DC=nhs,DC=uk"
NB20637,"CN=NB20637,OU=Laptops,DC=moorfields,DC=nhs,DC=uk"
NB20566,"CN=NB20566,OU=Laptops,DC=moorfields,DC=nhs,DC=uk"
NB20649,"CN=NB20649,OU=Laptops,DC=moorfields,DC=nhs,DC=uk"
NB20639,"CN=NB20639,OU=Laptops,DC=moorfields,DC=nhs,DC=uk"
NB20638,"CN=NB20638,OU=Laptops,DC=moorfields,DC=nhs,DC=uk"
NB20614,"CN=NB20614,OU=Laptops,DC=moorfields,DC=nhs,DC=uk"
NB20567,"CN=NB20567,OU=Laptops,DC=moorfields,DC=nhs,DC=uk"
NB20642,"CN=NB20642,OU=Laptops,DC=moorfields,DC=nhs,DC=uk"
NB20615,"CN=NB20615,OU=Laptops,DC=moorfields,DC=nhs,DC=uk"
NB20616,"CN=NB20616,OU=Laptops,DC=moorfields,DC=nhs,DC=uk"
NB20643,"CN=NB20643,OU=Laptops,DC=moorfields,DC=nhs,DC=uk"
NB20645,"CN=NB20645,OU=Laptops,DC=moorfields,DC=nhs,DC=uk"
NB20646,"CN=NB20646,OU=Laptops,DC=moorfields,DC=nhs,DC=uk"
NB20569,"CN=NB20569,OU=Laptops,DC=moorfields,DC=nhs,DC=uk"
NB20617,"CN=NB20617,OU=Laptops,DC=moorfields,DC=nhs,DC=uk"
NB20573,"CN=NB20573,OU=Laptops,DC=moorfields,DC=nhs,DC=uk"
NB20618,"CN=NB20618,OU=Laptops,DC=moorfields,DC=nhs,DC=uk"
NB20572,"CN=NB20572,OU=Laptops,DC=moorfields,DC=nhs,DC=uk"
NB20571,"CN=NB20571,OU=Laptops,DC=moorfields,DC=nhs,DC=uk"
NB20619,"CN=NB20619,OU=Laptops,DC=moorfields,DC=nhs,DC=uk"
NB20647,"CN=NB20647,OU=Laptops,DC=moorfields,DC=nhs,DC=uk"
NBK18437,"CN=NBK18437,OU=FortiClient-Admin,OU=Laptops,DC=moorfields,DC=nhs,DC=uk"
NB20641,"CN=NB20641,OU=Laptops,DC=moorfields,DC=nhs,DC=uk"
NB20622,"CN=NB20622,OU=Laptops,DC=moorfields,DC=nhs,DC=uk"
NB20624,"CN=NB20624,OU=Laptops,DC=moorfields,DC=nhs,DC=uk"
NB20623,"CN=NB20623,OU=Laptops,DC=moorfields,DC=nhs,DC=uk"
NB20632,"CN=NB20632,OU=Laptops,DC=moorfields,DC=nhs,DC=uk"
NB20634,"CN=NB20634,OU=Laptops,DC=moorfields,DC=nhs,DC=uk"
NB20635,"CN=NB20635,OU=Laptops,DC=moorfields,DC=nhs,DC=uk"
NB20636,"CN=NB20636,OU=Laptops,DC=moorfields,DC=nhs,DC=uk"
NB20730,"CN=NB20730,OU=Laptops,DC=moorfields,DC=nhs,DC=uk"
NB20709,"CN=NB20709,OU=Laptops,DC=moorfields,DC=nhs,DC=uk"
NB20652,"CN=NB20652,OU=Laptops,DC=moorfields,DC=nhs,DC=uk"
NB20950,"CN=NB20950,OU=Laptops,DC=moorfields,DC=nhs,DC=uk"
NB20712,"CN=NB20712,OU=Laptops,DC=moorfields,DC=nhs,DC=uk"
NB20713,"CN=NB20713,OU=Laptops,DC=moorfields,DC=nhs,DC=uk"
NB20958,"CN=NB20958,OU=Laptops,DC=moorfields,DC=nhs,DC=uk"
NB20960,"CN=NB20960,OU=Laptops,DC=moorfields,DC=nhs,DC=uk"
M020328,"CN=M020328,CN=Computers,DC=moorfields,DC=nhs,DC=uk"
NB20961,"CN=NB20961,OU=Laptops,DC=moorfields,DC=nhs,DC=uk"
M020338,"CN=M020338,CN=Computers,DC=moorfields,DC=nhs,DC=uk"
TB20972,"CN=TB20972,OU=Laptops,DC=moorfields,DC=nhs,DC=uk"
TB20979,"CN=TB20979,OU=Laptops,DC=moorfields,DC=nhs,DC=uk"
TB20978,"CN=TB20978,OU=Laptops,DC=moorfields,DC=nhs,DC=uk"
NB20498,"CN=NB20498,OU=Laptops,DC=moorfields,DC=nhs,DC=uk"
NB20499,"CN=NB20499,OU=Laptops,DC=moorfields,DC=nhs,DC=uk"
NB20501,"CN=NB20501,OU=FortiClient-Admin,OU=Laptops,DC=moorfields,DC=nhs,DC=uk"
NB20503,"CN=NB20503,OU=FortiClient-Admin,OU=Laptops,DC=moorfields,DC=nhs,DC=uk"
NB20996,"CN=NB20996,OU=FortiClient-Admin,OU=Laptops,DC=moorfields,DC=nhs,DC=uk"
NB21031,"CN=NB21031,OU=FortiClient-Admin,OU=Laptops,DC=moorfields,DC=nhs,DC=uk"
NB20508,"CN=NB20508,OU=Laptops,DC=moorfields,DC=nhs,DC=uk"
NB21062,"CN=NB21062,OU=Laptops,DC=moorfields,DC=nhs,DC=uk"
NB20510,"CN=NB20510,OU=Laptops,DC=moorfields,DC=nhs,DC=uk"
NB21069,"CN=NB21069,OU=FortiClient-Test,OU=Laptops,DC=moorfields,DC=nhs,DC=uk"
NB20548,"CN=NB20548,OU=Laptops,DC=moorfields,DC=nhs,DC=uk"
NB20509,"CN=NB20509,OU=Laptops,DC=moorfields,DC=nhs,DC=uk"
NB20512,"CN=NB20512,OU=Laptops,DC=moorfields,DC=nhs,DC=uk"
NB20513,"CN=NB20513,OU=Laptops,DC=moorfields,DC=nhs,DC=uk"
NB20519,"CN=NB20519,OU=Laptops,DC=moorfields,DC=nhs,DC=uk"
NB20518,"CN=NB20518,OU=Laptops,DC=moorfields,DC=nhs,DC=uk"
NB20521,"CN=NB20521,OU=Laptops,DC=moorfields,DC=nhs,DC=uk"
NB15954,"CN=NB15954,OU=Laptops,DC=moorfields,DC=nhs,DC=uk"
NB16812,"CN=NB16812,OU=Laptops,DC=moorfields,DC=nhs,DC=uk"
NB21103,"CN=NB21103,OU=Laptops,DC=moorfields,DC=nhs,DC=uk"
NB21104,"CN=NB21104,OU=Laptops,DC=moorfields,DC=nhs,DC=uk"
NB21105,"CN=NB21105,OU=Laptops,DC=moorfields,DC=nhs,DC=uk"
NB21106,"CN=NB21106,OU=Laptops,DC=moorfields,DC=nhs,DC=uk"
NB21113,"CN=NB21113,OU=Laptops,DC=moorfields,DC=nhs,DC=uk"
NB21115,"CN=NB21115,OU=Laptops,DC=moorfields,DC=nhs,DC=uk"
NB21114,"CN=NB21114,OU=Laptops,DC=moorfields,DC=nhs,DC=uk"
NB21109,"CN=NB21109,OU=Laptops,DC=moorfields,DC=nhs,DC=uk"
NB21118,"CN=NB21118,OU=Laptops,DC=moorfields,DC=nhs,DC=uk"
NB21117,"CN=NB21117,OU=Laptops,DC=moorfields,DC=nhs,DC=uk"
NB21116,"CN=NB21116,OU=Laptops,DC=moorfields,DC=nhs,DC=uk"
NB21153,"CN=NB21153,OU=Laptops,DC=moorfields,DC=nhs,DC=uk"
NB21155,"CN=NB21155,OU=Laptops,DC=moorfields,DC=nhs,DC=uk"
NB21156,"CN=NB21156,OU=Laptops,DC=moorfields,DC=nhs,DC=uk"
NBK20651,"CN=NBK20651,OU=Laptops,DC=moorfields,DC=nhs,DC=uk"
NB21169,"CN=NB21169,OU=Laptops,DC=moorfields,DC=nhs,DC=uk"
NB20522,"CN=NB20522,OU=Laptops,DC=moorfields,DC=nhs,DC=uk"
NB21170,"CN=NB21170,OU=Laptops,DC=moorfields,DC=nhs,DC=uk"
NB21222,"CN=NB21222,OU=Laptops,DC=moorfields,DC=nhs,DC=uk"
NB21223,"CN=NB21223,OU=Laptops,DC=moorfields,DC=nhs,DC=uk"
NB21225,"CN=NB21225,OU=Laptops,DC=moorfields,DC=nhs,DC=uk"
NB21295,"CN=NB21295,OU=Laptops,DC=moorfields,DC=nhs,DC=uk"
NB21293,"CN=NB21293,OU=Laptops,DC=moorfields,DC=nhs,DC=uk"
NB21294,"CN=NB21294,OU=Laptops,DC=moorfields,DC=nhs,DC=uk"
NB21299,"CN=NB21299,OU=Laptops,DC=moorfields,DC=nhs,DC=uk"
NB21298,"CN=NB21298,OU=Laptops,DC=moorfields,DC=nhs,DC=uk"
NB21300,"CN=NB21300,OU=Laptops,DC=moorfields,DC=nhs,DC=uk"
NB21302,"CN=NB21302,OU=Laptops,DC=moorfields,DC=nhs,DC=uk"
NB21301,"CN=NB21301,OU=Laptops,DC=moorfields,DC=nhs,DC=uk"
NB21309,"CN=NB21309,OU=Laptops,DC=moorfields,DC=nhs,DC=uk"
NB21311,"CN=NB21311,OU=Laptops,DC=moorfields,DC=nhs,DC=uk"
NB21310,"CN=NB21310,OU=Laptops,DC=moorfields,DC=nhs,DC=uk"
NB21315,"CN=NB21315,OU=Laptops,DC=moorfields,DC=nhs,DC=uk"
NB21313,"CN=NB21313,OU=Laptops,DC=moorfields,DC=nhs,DC=uk"
NB21312,"CN=NB21312,OU=Laptops,DC=moorfields,DC=nhs,DC=uk"
NB21314,"CN=NB21314,OU=Laptops,DC=moorfields,DC=nhs,DC=uk"
NB21189,"CN=NB21189,OU=Laptops,DC=moorfields,DC=nhs,DC=uk"
TB20986,"CN=TB20986,OU=Laptops,DC=moorfields,DC=nhs,DC=uk"
NB13628,"CN=NB13628,OU=Laptops,DC=moorfields,DC=nhs,DC=uk"
NB12935,"CN=NB12935,OU=Laptops,DC=moorfields,DC=nhs,DC=uk"
NB21347,"CN=NB21347,OU=Laptops,DC=moorfields,DC=nhs,DC=uk"
NB21366,"CN=NB21366,OU=Laptops,DC=moorfields,DC=nhs,DC=uk"
NB21364,"CN=NB21364,OU=Laptops,DC=moorfields,DC=nhs,DC=uk"
NB13627,"CN=NB13627,OU=Laptops,DC=moorfields,DC=nhs,DC=uk"
NB21381,"CN=NB21381,OU=Laptops,DC=moorfields,DC=nhs,DC=uk"
NB12161,"CN=NB12161,OU=Laptops,DC=moorfields,DC=nhs,DC=uk"
NB12413,"CN=NB12413,OU=Laptops,DC=moorfields,DC=nhs,DC=uk"
NB21576,"CN=NB21576,OU=Laptops,DC=moorfields,DC=nhs,DC=uk"
NB21578,"CN=NB21578,OU=Laptops,DC=moorfields,DC=nhs,DC=uk"
NB20520,"CN=NB20520,OU=Laptops,DC=moorfields,DC=nhs,DC=uk"
NB21590,"CN=NB21590,OU=Laptops,DC=moorfields,DC=nhs,DC=uk"
NB21591,"CN=NB21591,OU=Laptops,DC=moorfields,DC=nhs,DC=uk"
NB21582,"CN=NB21582,OU=Laptops,DC=moorfields,DC=nhs,DC=uk"
NB21596,"CN=NB21596,OU=Laptops,DC=moorfields,DC=nhs,DC=uk"
NB21597,"CN=NB21597,OU=Laptops,DC=moorfields,DC=nhs,DC=uk"
NB21602,"CN=NB21602,OU=Laptops,DC=moorfields,DC=nhs,DC=uk"
NB21603,"CN=NB21603,OU=Laptops,DC=moorfields,DC=nhs,DC=uk"
NB21606,"CN=NB21606,OU=Laptops,DC=moorfields,DC=nhs,DC=uk"
NB21608,"CN=NB21608,OU=Laptops,DC=moorfields,DC=nhs,DC=uk"
TB15744,"CN=TB15744,CN=Computers,DC=moorfields,DC=nhs,DC=uk"
NB21617,"CN=NB21617,OU=Laptops,DC=moorfields,DC=nhs,DC=uk"
NB21618,"CN=NB21618,OU=Laptops,DC=moorfields,DC=nhs,DC=uk"
NB13638,"CN=NB13638,OU=Laptops,DC=moorfields,DC=nhs,DC=uk"
NB21621,"CN=NB21621,OU=Laptops,DC=moorfields,DC=nhs,DC=uk"
NB21623,"CN=NB21623,OU=Laptops,DC=moorfields,DC=nhs,DC=uk"
NB21644,"CN=NB21644,OU=Laptops,DC=moorfields,DC=nhs,DC=uk"
NBK14927,"CN=NBK14927,OU=Laptops,DC=moorfields,DC=nhs,DC=uk"
NB21647,"CN=NB21647,OU=Laptops,DC=moorfields,DC=nhs,DC=uk"
NB12820,"CN=NB12820,OU=Laptops,DC=moorfields,DC=nhs,DC=uk"
NB21649,"CN=NB21649,OU=Laptops,DC=moorfields,DC=nhs,DC=uk"
NB20261,"CN=NB20261,OU=Laptops,DC=moorfields,DC=nhs,DC=uk"
NB18441,"CN=NB18441,OU=Laptops,DC=moorfields,DC=nhs,DC=uk"
NB020710,"CN=NB020710,OU=Laptops,DC=moorfields,DC=nhs,DC=uk"
NB17657,"CN=NB17657,OU=Laptops,DC=moorfields,DC=nhs,DC=uk"
NB17656,"CN=NB17656,OU=Laptops,DC=moorfields,DC=nhs,DC=uk"
NB19435,"CN=NB19435,OU=Laptops,DC=moorfields,DC=nhs,DC=uk"
NB22000,"CN=NB22000,OU=Laptops,DC=moorfields,DC=nhs,DC=uk"
NB21674,"CN=NB21674,OU=Laptops,DC=moorfields,DC=nhs,DC=uk"
NB17908B,"CN=NB17908B,OU=Laptops,DC=moorfields,DC=nhs,DC=uk"
NB21706,"CN=NB21706,OU=Laptops,DC=moorfields,DC=nhs,DC=uk"
NB18564A,"CN=NB18564A,OU=Laptops,DC=moorfields,DC=nhs,DC=uk"
NBK16931,"CN=NBK16931,OU=Laptops,DC=moorfields,DC=nhs,DC=uk"
NB20238,"CN=NB20238,OU=Laptops,DC=moorfields,DC=nhs,DC=uk"
NB21716,"CN=NB21716,OU=Laptops,DC=moorfields,DC=nhs,DC=uk"
NB21715,"CN=NB21715,OU=Laptops,DC=moorfields,DC=nhs,DC=uk"
NB21717,"CN=NB21717,OU=Laptops,DC=moorfields,DC=nhs,DC=uk"
NB21077,"CN=NB21077,OU=Laptops,DC=moorfields,DC=nhs,DC=uk"
NB21720,"CN=NB21720,OU=Laptops,DC=moorfields,DC=nhs,DC=uk"
NB21721,"CN=NB21721,OU=Laptops,DC=moorfields,DC=nhs,DC=uk"
NB18106,"CN=NB18106,OU=Laptops,DC=moorfields,DC=nhs,DC=uk"
NB21725,"CN=NB21725,OU=Laptops,DC=moorfields,DC=nhs,DC=uk"
NB21726,"CN=NB21726,OU=Laptops,DC=moorfields,DC=nhs,DC=uk"
NB21738,"CN=NB21738,OU=Laptops,DC=moorfields,DC=nhs,DC=uk"
NB21739,"CN=NB21739,OU=Laptops,DC=moorfields,DC=nhs,DC=uk"
NB21747,"CN=NB21747,OU=Laptops,DC=moorfields,DC=nhs,DC=uk"
NB21743,"CN=NB21743,OU=Laptops,DC=moorfields,DC=nhs,DC=uk"
NB21745,"CN=NB21745,OU=Laptops,DC=moorfields,DC=nhs,DC=uk"
NB21746,"CN=NB21746,OU=Laptops,DC=moorfields,DC=nhs,DC=uk"
NB21749,"CN=NB21749,OU=Laptops,DC=moorfields,DC=nhs,DC=uk"
NB20633,"CN=NB20633,OU=Laptops,DC=moorfields,DC=nhs,DC=uk"
NB16187A,"CN=NB16187A,OU=Laptops,DC=moorfields,DC=nhs,DC=uk"
NB21752,"CN=NB21752,OU=Laptops,DC=moorfields,DC=nhs,DC=uk"
NB19406,"CN=NB19406,OU=Laptops,DC=moorfields,DC=nhs,DC=uk"
NB21763,"CN=NB21763,OU=Laptops,DC=moorfields,DC=nhs,DC=uk"
NB17105,"CN=NB17105,OU=Laptops,DC=moorfields,DC=nhs,DC=uk"
NB21801,"CN=NB21801,OU=Laptops,DC=moorfields,DC=nhs,DC=uk"
NB20506,"CN=NB20506,OU=Laptops,DC=moorfields,DC=nhs,DC=uk"
NB21805,"CN=NB21805,OU=Laptops,DC=moorfields,DC=nhs,DC=uk"
NB20447,"CN=NB20447,OU=Laptops,DC=moorfields,DC=nhs,DC=uk"
NB20189,"CN=NB20189,OU=Laptops,DC=moorfields,DC=nhs,DC=uk"
NB21809,"CN=NB21809,OU=Laptops,DC=moorfields,DC=nhs,DC=uk"
NB21810,"CN=NB21810,OU=Laptops,DC=moorfields,DC=nhs,DC=uk"
NB21811,"CN=NB21811,OU=Laptops,DC=moorfields,DC=nhs,DC=uk"
NB20233,"CN=NB20233,OU=Laptops,DC=moorfields,DC=nhs,DC=uk"
NB16848,"CN=NB16848,OU=Laptops,DC=moorfields,DC=nhs,DC=uk"
NB19894,"CN=NB19894,OU=Laptops,DC=moorfields,DC=nhs,DC=uk"
NB20153A,"CN=NB20153A,OU=Laptops,DC=moorfields,DC=nhs,DC=uk"
NB21814,"CN=NB21814,OU=Laptops,DC=moorfields,DC=nhs,DC=uk"
NB21818,"CN=NB21818,OU=Laptops,DC=moorfields,DC=nhs,DC=uk"
NB016894,"CN=NB016894,OU=Laptops,DC=moorfields,DC=nhs,DC=uk"
NB21829,"CN=NB21829,OU=Laptops,DC=moorfields,DC=nhs,DC=uk"
NB021819,"CN=NB021819,OU=Laptops,DC=moorfields,DC=nhs,DC=uk"
NB21840,"CN=NB21840,OU=Laptops,DC=moorfields,DC=nhs,DC=uk"
NB21841,"CN=NB21841,OU=Laptops,DC=moorfields,DC=nhs,DC=uk"
NB15809A,"CN=NB15809A,OU=Laptops,DC=moorfields,DC=nhs,DC=uk"
NB21830,"CN=NB21830,OU=Laptops,DC=moorfields,DC=nhs,DC=uk"
NB21843,"CN=NB21843,OU=Laptops,DC=moorfields,DC=nhs,DC=uk"
NB19869,"CN=NB19869,OU=Laptops,DC=moorfields,DC=nhs,DC=uk"
NB21854,"CN=NB21854,OU=Laptops,DC=moorfields,DC=nhs,DC=uk"
NB12863,"CN=NB12863,OU=Laptops,DC=moorfields,DC=nhs,DC=uk"
NB21858,"CN=NB21858,OU=Laptops,DC=moorfields,DC=nhs,DC=uk"
NB15953A,"CN=NB15953A,OU=Laptops,DC=moorfields,DC=nhs,DC=uk"
NB18430A,"CN=NB18430A,OU=Laptops,DC=moorfields,DC=nhs,DC=uk"
NB12857,"CN=NB12857,OU=Laptops,DC=moorfields,DC=nhs,DC=uk"
NB21862,"CN=NB21862,OU=Laptops,DC=moorfields,DC=nhs,DC=uk"
NB21867,"CN=NB21867,OU=Laptops,DC=moorfields,DC=nhs,DC=uk"
NB21868,"CN=NB21868,OU=Laptops,DC=moorfields,DC=nhs,DC=uk"
NB21870,"CN=NB21870,OU=Laptops,DC=moorfields,DC=nhs,DC=uk"
NB21871,"CN=NB21871,OU=Laptops,DC=moorfields,DC=nhs,DC=uk"
NB21872,"CN=NB21872,OU=Laptops,DC=moorfields,DC=nhs,DC=uk"
NB21869,"CN=NB21869,OU=Laptops,DC=moorfields,DC=nhs,DC=uk"
NB21878,"CN=NB21878,OU=Laptops,DC=moorfields,DC=nhs,DC=uk"
NB14997A,"CN=NB14997A,OU=Laptops,DC=moorfields,DC=nhs,DC=uk"
NB21876,"CN=NB21876,OU=Laptops,DC=moorfields,DC=nhs,DC=uk"
NB21879,"CN=NB21879,OU=Laptops,DC=moorfields,DC=nhs,DC=uk"
NB21875,"CN=NB21875,OU=Laptops,DC=moorfields,DC=nhs,DC=uk"
NB21882,"CN=NB21882,OU=Laptops,DC=moorfields,DC=nhs,DC=uk"
NB21883,"CN=NB21883,OU=Laptops,DC=moorfields,DC=nhs,DC=uk"
NB21886,"CN=NB21886,OU=Laptops,DC=moorfields,DC=nhs,DC=uk"
NB21887,"CN=NB21887,OU=Laptops,DC=moorfields,DC=nhs,DC=uk"
NB20631,"CN=NB20631,OU=Laptops,DC=moorfields,DC=nhs,DC=uk"
